studentId,timestamp,testId,mcq_correct,mcq_total,tf_correct,tf_total,mcq_question_1,mcq_answer_1,mcq_question_2,mcq_answer_2,mcq_question_3,mcq_answer_3,sa_question_1,sa_answer_1,sa_question_2,sa_answer_2,sa_question_3,sa_answer_3,sa_question_4,sa_answer_4,sa_question_5,sa_answer_5,sa_question_6,sa_answer_6,sa_question_7,sa_answer_7,sa_question_8,sa_answer_8,sa_question_9,sa_answer_9,sa_question_10,sa_answer_10,sa_question_11,sa_answer_11
S1ID1,2025-06-010T02:40:42.355Z,bb_study1,0,0,0,0,"Please proceed with the auditory session in a separate window if you haven't already. Once you finish, return to this screen after completing the session. Type in 'OK', and press Submit to continue. ",SIX HERTZ,Please indicate your sex:,Female,"When you hold a phone to your head for a call, which ear do you usually listen with?",Either,How HAPPY or UNHAPPY do YOU feel RIGHT NOW?,8,How CALM or STRESSED do YOU feel RIGHT NOW?,7,How AGITATED or PEACEFUL do YOU feel RIGHT NOW?,5,How FOCUSED or DISTRACTED do YOU feel RIGHT NOW?,6,How CONTENT or FRUSTRATED do you feel RIGHT NOW?,6,How HAPPY or UNHAPPY do YOU feel RIGHT NOW?,5,How CALM or STRESSED do YOU feel RIGHT NOW?,2,How AGITATED or PEACEFUL do YOU feel RIGHT NOW?,9,How FOCUSED or DISTRACTED do YOU feel RIGHT NOW?,9,How CONTENT or FRUSTRATED do you feel RIGHT NOW?,6,Please type in how old you are (enter numeric values only):,19
S1ID8,2025-06-10T00:51:26.540Z,bb_study1,0,0,0,0,"Please proceed with the auditory session in a separate window if you haven't already. Once you finish, return to this screen after completing the session. Type in 'OK', and press Submit to continue. ",TWELVE HERTZ,Please indicate your sex:,Female,"When you hold a phone to your head for a call, which ear do you usually listen with?",Right,How HAPPY or UNHAPPY do YOU feel RIGHT NOW?,4,How CALM or STRESSED do YOU feel RIGHT NOW?,4,How AGITATED or PEACEFUL do YOU feel RIGHT NOW?,4,How FOCUSED or DISTRACTED do YOU feel RIGHT NOW?,3,How CONTENT or FRUSTRATED do you feel RIGHT NOW?,4,How HAPPY or UNHAPPY do YOU feel RIGHT NOW?,4,How CALM or STRESSED do YOU feel RIGHT NOW?,4,How AGITATED or PEACEFUL do YOU feel RIGHT NOW?,6,How FOCUSED or DISTRACTED do YOU feel RIGHT NOW?,3,How CONTENT or FRUSTRATED do you feel RIGHT NOW?,6,Please type in how old you are (enter numeric values only):,20
S1ID9,2025-06-10T06:18:43.637Z,bb_study1,0,0,0,0,"Please proceed with the auditory session in a separate window if you haven't already. Once you finish, return to this screen after completing the session. Type in 'OK', and press Submit to continue. ",SIX HERTZ,Please indicate your sex:,Female,"When you hold a phone to your head for a call, which ear do you usually listen with?",Left,How HAPPY or UNHAPPY do YOU feel RIGHT NOW?,2,How CALM or STRESSED do YOU feel RIGHT NOW?,7,How AGITATED or PEACEFUL do YOU feel RIGHT NOW?,2,How FOCUSED or DISTRACTED do YOU feel RIGHT NOW?,2,How CONTENT or FRUSTRATED do you feel RIGHT NOW?,3,How HAPPY or UNHAPPY do YOU feel RIGHT NOW?,2,How CALM or STRESSED do YOU feel RIGHT NOW?,7,How AGITATED or PEACEFUL do YOU feel RIGHT NOW?,7,How FOCUSED or DISTRACTED do YOU feel RIGHT NOW?,7,How CONTENT or FRUSTRATED do you feel RIGHT NOW?,3,Please type in how old you are (enter numeric values only):,22
S1ID6,2025-06-10T10:11:25.498Z,bb_study1,0,0,0,0,"Please proceed with the auditory session in a separate window if you haven't already. Once you finish, return to this screen after completing the session. Type in 'OK', and press Submit to continue. ",SIX HERTZ,Please indicate your sex:,Female,"When you hold a phone to your head for a call, which ear do you usually listen with?",Left,How HAPPY or UNHAPPY do YOU feel RIGHT NOW?,4,How CALM or STRESSED do YOU feel RIGHT NOW?,6,How AGITATED or PEACEFUL do YOU feel RIGHT NOW?,5,How FOCUSED or DISTRACTED do YOU feel RIGHT NOW?,4,How CONTENT or FRUSTRATED do you feel RIGHT NOW?,5,How HAPPY or UNHAPPY do YOU feel RIGHT NOW?,4,How CALM or STRESSED do YOU feel RIGHT NOW?,6,How AGITATED or PEACEFUL do YOU feel RIGHT NOW?,5,How FOCUSED or DISTRACTED do YOU feel RIGHT NOW?,6,How CONTENT or FRUSTRATED do you feel RIGHT NOW?,4,Please type in how old you are (enter numeric values only):,25
S1ID4,2025-06-10T10:55:29.918Z,bb_study1,0,0,0,0,"Please proceed with the auditory session in a separate window if you haven't already. Once you finish, return to this screen after completing the session. Type in 'OK', and press Submit to continue. ",THREE HERTZ,Please indicate your sex:,Male,"When you hold a phone to your head for a call, which ear do you usually listen with?",Left,How HAPPY or UNHAPPY do YOU feel RIGHT NOW?,7,How CALM or STRESSED do YOU feel RIGHT NOW?,9,How AGITATED or PEACEFUL do YOU feel RIGHT NOW?,6,How FOCUSED or DISTRACTED do YOU feel RIGHT NOW?,7,How CONTENT or FRUSTRATED do you feel RIGHT NOW?,4,How HAPPY or UNHAPPY do YOU feel RIGHT NOW?,8,How CALM or STRESSED do YOU feel RIGHT NOW?,9,How AGITATED or PEACEFUL do YOU feel RIGHT NOW?,7,How FOCUSED or DISTRACTED do YOU feel RIGHT NOW?,7,How CONTENT or FRUSTRATED do you feel RIGHT NOW?,2,Please type in how old you are (enter numeric values only):,20
S1ID7,2025-06-10T10:55:29.918Z,bb_study1,0,0,0,0,"Please proceed with the auditory session in a separate window if you haven't already. Once you finish, return to this screen after completing the session. Type in 'OK', and press Submit to continue. ",NINE HERTZ,Please indicate your sex:,Male,"When you hold a phone to your head for a call, which ear do you usually listen with?",Either,How HAPPY or UNHAPPY do YOU feel RIGHT NOW?,6,How CALM or STRESSED do YOU feel RIGHT NOW?,6,How AGITATED or PEACEFUL do YOU feel RIGHT NOW?,6,How FOCUSED or DISTRACTED do YOU feel RIGHT NOW?,3,How CONTENT or FRUSTRATED do you feel RIGHT NOW?,3,How HAPPY or UNHAPPY do YOU feel RIGHT NOW?,9,How CALM or STRESSED do YOU feel RIGHT NOW?,4,How AGITATED or PEACEFUL do YOU feel RIGHT NOW?,7,How FOCUSED or DISTRACTED do YOU feel RIGHT NOW?,2,How CONTENT or FRUSTRATED do you feel RIGHT NOW?,9,Please type in how old you are (enter numeric values only):,20
S1ID2,2025-06-10T14:22:19.812Z,bb_study1,0,0,0,0,"Please proceed with the auditory session in a separate window if you haven't already. Once you finish, return to this screen after completing the session. Please indicate which sound condition you were allocated to",NINE HERTZ,Please indicate your sex:,Female,"When you hold a phone to your head for a call, which ear do you usually listen with?",Left,How HAPPY or UNHAPPY do YOU feel RIGHT NOW?,5,How CALM or STRESSED do YOU feel RIGHT NOW?,7,How AGITATED or PEACEFUL do YOU feel RIGHT NOW?,3,How FOCUSED or DISTRACTED do YOU feel RIGHT NOW?,5,How CONTENT or FRUSTRATED do you feel RIGHT NOW?,2,How HAPPY or UNHAPPY do YOU feel RIGHT NOW?,5,How CALM or STRESSED do YOU feel RIGHT NOW?,4,How AGITATED or PEACEFUL do YOU feel RIGHT NOW?,6,How FOCUSED or DISTRACTED do YOU feel RIGHT NOW?,6,How CONTENT or FRUSTRATED do you feel RIGHT NOW?,2,Please type in how old you are (enter numeric values only):,28
S1ID5,2025-06-10T18:57:44.390Z,bb_study1,0,0,0,0,"Please proceed with the auditory session in a separate window if you haven't already. Once you finish, return to this screen after completing the session. Type in 'OK', and press Submit to continue. ",NINE HERTZ,Please indicate your sex:,Female,"When you hold a phone to your head for a call, which ear do you usually listen with?",Right,How HAPPY or UNHAPPY do YOU feel RIGHT NOW?,9,How CALM or STRESSED do YOU feel RIGHT NOW?,1,How AGITATED or PEACEFUL do YOU feel RIGHT NOW?,9,How FOCUSED or DISTRACTED do YOU feel RIGHT NOW?,8,How CONTENT or FRUSTRATED do you feel RIGHT NOW?,9,How HAPPY or UNHAPPY do YOU feel RIGHT NOW?,9,How CALM or STRESSED do YOU feel RIGHT NOW?,1,How AGITATED or PEACEFUL do YOU feel RIGHT NOW?,9,How FOCUSED or DISTRACTED do YOU feel RIGHT NOW?,8,How CONTENT or FRUSTRATED do you feel RIGHT NOW?,9,Please type in how old you are (enter numeric values only):,48
S1ID3,2025-06-10T23:18:53.141Z,bb_study1,0,0,0,0,"Please proceed with the auditory session in a separate window if you haven't already. Once you finish, return to this screen after completing the session. Type in 'OK', and press Submit to continue. ",SIX HERTZ,Please indicate your sex:,Male,"When you hold a phone to your head for a call, which ear do you usually listen with?",Right,How HAPPY or UNHAPPY do YOU feel RIGHT NOW?,4,How CALM or STRESSED do YOU feel RIGHT NOW?,6,How AGITATED or PEACEFUL do YOU feel RIGHT NOW?,7,How FOCUSED or DISTRACTED do YOU feel RIGHT NOW?,5,How CONTENT or FRUSTRATED do you feel RIGHT NOW?,9,How HAPPY or UNHAPPY do YOU feel RIGHT NOW?,5,How CALM or STRESSED do YOU feel RIGHT NOW?,5,How AGITATED or PEACEFUL do YOU feel RIGHT NOW?,9,How FOCUSED or DISTRACTED do YOU feel RIGHT NOW?,9,How CONTENT or FRUSTRATED do you feel RIGHT NOW?,8,Please type in how old you are (enter numeric values only):,24
S1ID10,2025-06-11T00:51:26.540Z,bb_study1,0,0,0,0,"Please proceed with the auditory session in a separate window if you haven't already. Once you finish, return to this screen after completing the session. Type in 'OK', and press Submit to continue. ",NINE HERTZ,Please indicate your sex:,Male,"When you hold a phone to your head for a call, which ear do you usually listen with?",Left,How HAPPY or UNHAPPY do YOU feel RIGHT NOW?,5,How CALM or STRESSED do YOU feel RIGHT NOW?,1,How AGITATED or PEACEFUL do YOU feel RIGHT NOW?,9,How FOCUSED or DISTRACTED do YOU feel RIGHT NOW?,9,How CONTENT or FRUSTRATED do you feel RIGHT NOW?,9,How HAPPY or UNHAPPY do YOU feel RIGHT NOW?,5,How CALM or STRESSED do YOU feel RIGHT NOW?,1,How AGITATED or PEACEFUL do YOU feel RIGHT NOW?,9,How FOCUSED or DISTRACTED do YOU feel RIGHT NOW?,9,How CONTENT or FRUSTRATED do you feel RIGHT NOW?,9,Please type in how old you are (enter numeric values only):,26
S1ID11,2025-06-12T02:56:26.497Z,bb_study1,0,0,0,0,"Please proceed with the auditory session in a separate window if you haven't already. Once you finish, return to this screen after completing the session. Type in 'OK', and press Submit to continue. ",THREE HERTZ,Please indicate your sex:,Female,"When you hold a phone to your head for a call, which ear do you usually listen with?",Right,How HAPPY or UNHAPPY do YOU feel RIGHT NOW?,9,How CALM or STRESSED do YOU feel RIGHT NOW?,4,How AGITATED or PEACEFUL do YOU feel RIGHT NOW?,3,How FOCUSED or DISTRACTED do YOU feel RIGHT NOW?,4,How CONTENT or FRUSTRATED do you feel RIGHT NOW?,4,How HAPPY or UNHAPPY do YOU feel RIGHT NOW?,4,How CALM or STRESSED do YOU feel RIGHT NOW?,4,How AGITATED or PEACEFUL do YOU feel RIGHT NOW?,2,How FOCUSED or DISTRACTED do YOU feel RIGHT NOW?,4,How CONTENT or FRUSTRATED do you feel RIGHT NOW?,5,Please type in how old you are (enter numeric values only):,27
S1ID12,2025-06-13T00:51:01.508Z,bb_study1,0,0,0,0,"Please proceed with the auditory session in a separate window if you haven't already. Once you finish, return to this screen after completing the session. Type in 'OK', and press Submit to continue. ",SIX HERTZ,Please indicate your sex:,Female,"When you hold a phone to your head for a call, which ear do you usually listen with?",Left,How HAPPY or UNHAPPY do YOU feel RIGHT NOW?,5,How CALM or STRESSED do YOU feel RIGHT NOW?,2,How AGITATED or PEACEFUL do YOU feel RIGHT NOW?,8,How FOCUSED or DISTRACTED do YOU feel RIGHT NOW?,8,How CONTENT or FRUSTRATED do you feel RIGHT NOW?,7,How HAPPY or UNHAPPY do YOU feel RIGHT NOW?,6,How CALM or STRESSED do YOU feel RIGHT NOW?,2,How AGITATED or PEACEFUL do YOU feel RIGHT NOW?,8,How FOCUSED or DISTRACTED do YOU feel RIGHT NOW?,8,How CONTENT or FRUSTRATED do you feel RIGHT NOW?,7,Please type in how old you are (enter numeric values only):,19
S1ID13,2025-06-14T05:36:01.713Z,bb_study1,0,0,0,0,"Please proceed with the auditory session in a separate window if you haven't already. Once you finish, return to this screen after completing the session. Type in 'OK', and press Submit to continue. ",NINE HERTZ,Please indicate your sex:,Female,"When you hold a phone to your head for a call, which ear do you usually listen with?",Left,How HAPPY or UNHAPPY do YOU feel RIGHT NOW?,6,How CALM or STRESSED do YOU feel RIGHT NOW?,5,How AGITATED or PEACEFUL do YOU feel RIGHT NOW?,7,How FOCUSED or DISTRACTED do YOU feel RIGHT NOW?,7,How CONTENT or FRUSTRATED do you feel RIGHT NOW?,3,How HAPPY or UNHAPPY do YOU feel RIGHT NOW?,9,How CALM or STRESSED do YOU feel RIGHT NOW?,3,How AGITATED or PEACEFUL do YOU feel RIGHT NOW?,2,How FOCUSED or DISTRACTED do YOU feel RIGHT NOW?,6,How CONTENT or FRUSTRATED do you feel RIGHT NOW?,9,Please type in how old you are (enter numeric values only):,38
S1ID14,2025-06-15T02:41:58.423Z,bb_study1,0,0,0,0,"Please proceed with the auditory session in a separate window if you haven't already. Once you finish, return to this screen after completing the session. Type in 'OK', and press Submit to continue. ",SIX HERTZ,Please indicate your sex:,Female,"When you hold a phone to your head for a call, which ear do you usually listen with?",Right,How HAPPY or UNHAPPY do YOU feel RIGHT NOW?,5,How CALM or STRESSED do YOU feel RIGHT NOW?,4,How AGITATED or PEACEFUL do YOU feel RIGHT NOW?,5,How FOCUSED or DISTRACTED do YOU feel RIGHT NOW?,4,How CONTENT or FRUSTRATED do you feel RIGHT NOW?,5,How HAPPY or UNHAPPY do YOU feel RIGHT NOW?,5,How CALM or STRESSED do YOU feel RIGHT NOW?,4,How AGITATED or PEACEFUL do YOU feel RIGHT NOW?,7,How FOCUSED or DISTRACTED do YOU feel RIGHT NOW?,6,How CONTENT or FRUSTRATED do you feel RIGHT NOW?,5,Please type in how old you are (enter numeric values only):,22
S1ID15,2025-06-16T06:18:38.181Z,bb_study1,0,0,0,0,"Please proceed with the auditory session in a separate window if you haven't already. Once you finish, return to this screen after completing the session. Type in 'OK', and press Submit to continue. ",THREE HERTZ,Please indicate your sex:,Female,"When you hold a phone to your head for a call, which ear do you usually listen with?",Right,How HAPPY or UNHAPPY do YOU feel RIGHT NOW?,6,How CALM or STRESSED do YOU feel RIGHT NOW?,8,How AGITATED or PEACEFUL do YOU feel RIGHT NOW?,8,How FOCUSED or DISTRACTED do YOU feel RIGHT NOW?,4,How CONTENT or FRUSTRATED do you feel RIGHT NOW?,6,How HAPPY or UNHAPPY do YOU feel RIGHT NOW?,4,How CALM or STRESSED do YOU feel RIGHT NOW?,7,How AGITATED or PEACEFUL do YOU feel RIGHT NOW?,7,How FOCUSED or DISTRACTED do YOU feel RIGHT NOW?,7,How CONTENT or FRUSTRATED do you feel RIGHT NOW?,7,Please type in how old you are (enter numeric values only):,29
S1ID16,2025-06-17T14:22:19.812Z,bb_study1,0,0,0,0,"Please proceed with the auditory session in a separate window if you haven't already. Once you finish, return to this screen after completing the session. Type in 'OK', and press Submit to continue. ",THREE HERTZ,Please indicate your sex:,Male,"When you hold a phone to your head for a call, which ear do you usually listen with?",Right,How HAPPY or UNHAPPY do YOU feel RIGHT NOW?,6,How CALM or STRESSED do YOU feel RIGHT NOW?,6,How AGITATED or PEACEFUL do YOU feel RIGHT NOW?,6,How FOCUSED or DISTRACTED do YOU feel RIGHT NOW?,3,How CONTENT or FRUSTRATED do you feel RIGHT NOW?,4,How HAPPY or UNHAPPY do YOU feel RIGHT NOW?,6,How CALM or STRESSED do YOU feel RIGHT NOW?,1,How AGITATED or PEACEFUL do YOU feel RIGHT NOW?,9,How FOCUSED or DISTRACTED do YOU feel RIGHT NOW?,9,How CONTENT or FRUSTRATED do you feel RIGHT NOW?,4,Please type in how old you are (enter numeric values only):,41
S1ID17,2025-06-18T22:26:08.860Z,bb_study1,0,0,0,0,"Please proceed with the auditory session in a separate window if you haven't already. Once you finish, return to this screen after completing the session. Type in 'OK', and press Submit to continue. ",THREE HERTZ,Please indicate your sex:,Female,"When you hold a phone to your head for a call, which ear do you usually listen with?",Either,How HAPPY or UNHAPPY do YOU feel RIGHT NOW?,5,How CALM or STRESSED do YOU feel RIGHT NOW?,5,How AGITATED or PEACEFUL do YOU feel RIGHT NOW?,6,How FOCUSED or DISTRACTED do YOU feel RIGHT NOW?,5,How CONTENT or FRUSTRATED do you feel RIGHT NOW?,7,How HAPPY or UNHAPPY do YOU feel RIGHT NOW?,8,How CALM or STRESSED do YOU feel RIGHT NOW?,5,How AGITATED or PEACEFUL do YOU feel RIGHT NOW?,3,How FOCUSED or DISTRACTED do YOU feel RIGHT NOW?,7,How CONTENT or FRUSTRATED do you feel RIGHT NOW?,4,Please type in how old you are (enter numeric values only):,19
S1ID18,2025-06-19T09:20:14.672Z,bb_study1,0,0,0,0,"Please proceed with the auditory session in a separate window if you haven't already. Once you finish, return to this screen after completing the session. Type in 'OK', and press Submit to continue. ",NINE HERTZ,Please indicate your sex:,Male,"When you hold a phone to your head for a call, which ear do you usually listen with?",Right,How HAPPY or UNHAPPY do YOU feel RIGHT NOW?,9,How CALM or STRESSED do YOU feel RIGHT NOW?,1,How AGITATED or PEACEFUL do YOU feel RIGHT NOW?,9,How FOCUSED or DISTRACTED do YOU feel RIGHT NOW?,9,How CONTENT or FRUSTRATED do you feel RIGHT NOW?,9,How HAPPY or UNHAPPY do YOU feel RIGHT NOW?,9,How CALM or STRESSED do YOU feel RIGHT NOW?,1,How AGITATED or PEACEFUL do YOU feel RIGHT NOW?,9,How FOCUSED or DISTRACTED do YOU feel RIGHT NOW?,9,How CONTENT or FRUSTRATED do you feel RIGHT NOW?,9,Please type in how old you are (enter numeric values only):,32
S1ID19,2025-06-20T21:50:11.240Z,bb_study1,0,0,0,0,"Please proceed with the auditory session in a separate window if you haven't already. Once you finish, return to this screen after completing the session. Type in 'OK', and press Submit to continue. ",THREE HERTZ,Please indicate your sex:,Female,"When you hold a phone to your head for a call, which ear do you usually listen with?",Left,How HAPPY or UNHAPPY do YOU feel RIGHT NOW?,3,How CALM or STRESSED do YOU feel RIGHT NOW?,7,How AGITATED or PEACEFUL do YOU feel RIGHT NOW?,7,How FOCUSED or DISTRACTED do YOU feel RIGHT NOW?,6,How CONTENT or FRUSTRATED do you feel RIGHT NOW?,6,How HAPPY or UNHAPPY do YOU feel RIGHT NOW?,4,How CALM or STRESSED do YOU feel RIGHT NOW?,2,How AGITATED or PEACEFUL do YOU feel RIGHT NOW?,8,How FOCUSED or DISTRACTED do YOU feel RIGHT NOW?,5,How CONTENT or FRUSTRATED do you feel RIGHT NOW?,5,Please type in how old you are (enter numeric values only):,35
S1ID20,2025-06-22T06:10:24.868Z,bb_study1,0,0,0,0,"Please proceed with the auditory session in a separate window if you haven't already. Once you finish, return to this screen after completing the session. Type in 'OK', and press Submit to continue. ",SIX HERTZ,Please indicate your sex:,Male,"When you hold a phone to your head for a call, which ear do you usually listen with?",Right,How HAPPY or UNHAPPY do YOU feel RIGHT NOW?,7,How CALM or STRESSED do YOU feel RIGHT NOW?,5,How AGITATED or PEACEFUL do YOU feel RIGHT NOW?,4,How FOCUSED or DISTRACTED do YOU feel RIGHT NOW?,5,How CONTENT or FRUSTRATED do you feel RIGHT NOW?,5,How HAPPY or UNHAPPY do YOU feel RIGHT NOW?,6,How CALM or STRESSED do YOU feel RIGHT NOW?,1,How AGITATED or PEACEFUL do YOU feel RIGHT NOW?,7,How FOCUSED or DISTRACTED do YOU feel RIGHT NOW?,8,How CONTENT or FRUSTRATED do you feel RIGHT NOW?,9,Please type in how old you are (enter numeric values only):,44
S1ID21,2025-06-23T02:10:58.634Z,bb_study1,0,0,0,0,"Please proceed with the auditory session in a separate window if you haven't already. Once you finish, return to this screen after completing the session. Type in 'OK', and press Submit to continue. ",THREE HERTZ,Please indicate your sex:,Male,"When you hold a phone to your head for a call, which ear do you usually listen with?",Right,How HAPPY or UNHAPPY do YOU feel RIGHT NOW?,5,How CALM or STRESSED do YOU feel RIGHT NOW?,5,How AGITATED or PEACEFUL do YOU feel RIGHT NOW?,7,How FOCUSED or DISTRACTED do YOU feel RIGHT NOW?,6,How CONTENT or FRUSTRATED do you feel RIGHT NOW?,4,How HAPPY or UNHAPPY do YOU feel RIGHT NOW?,2,How CALM or STRESSED do YOU feel RIGHT NOW?,5,How AGITATED or PEACEFUL do YOU feel RIGHT NOW?,8,How FOCUSED or DISTRACTED do YOU feel RIGHT NOW?,6,How CONTENT or FRUSTRATED do you feel RIGHT NOW?,4,Please type in how old you are (enter numeric values only):,41
S1ID22,2025-06-24T14:52:59.712Z,bb_study1,0,0,0,0,"Please proceed with the auditory session in a separate window if you haven't already. Once you finish, return to this screen after completing the session. Type in 'OK', and press Submit to continue. ",THREE HERTZ,Please indicate your sex:,Male,"When you hold a phone to your head for a call, which ear do you usually listen with?",Either,How HAPPY or UNHAPPY do YOU feel RIGHT NOW?,6,How CALM or STRESSED do YOU feel RIGHT NOW?,2,How AGITATED or PEACEFUL do YOU feel RIGHT NOW?,3,How FOCUSED or DISTRACTED do YOU feel RIGHT NOW?,4,How CONTENT or FRUSTRATED do you feel RIGHT NOW?,9,How HAPPY or UNHAPPY do YOU feel RIGHT NOW?,9,How CALM or STRESSED do YOU feel RIGHT NOW?,7,How AGITATED or PEACEFUL do YOU feel RIGHT NOW?,9,How FOCUSED or DISTRACTED do YOU feel RIGHT NOW?,2,How CONTENT or FRUSTRATED do you feel RIGHT NOW?,4,Please type in how old you are (enter numeric values only):,38
S1ID23,2025-06-25T20:24:43.873Z,bb_study1,0,0,0,0,"Please proceed with the auditory session in a separate window if you haven't already. Once you finish, return to this screen after completing the session. Type in 'OK', and press Submit to continue. ",NINE HERTZ,Please indicate your sex:,Male,"When you hold a phone to your head for a call, which ear do you usually listen with?",Right,How HAPPY or UNHAPPY do YOU feel RIGHT NOW?,5,How CALM or STRESSED do YOU feel RIGHT NOW?,9,How AGITATED or PEACEFUL do YOU feel RIGHT NOW?,3,How FOCUSED or DISTRACTED do YOU feel RIGHT NOW?,8,How CONTENT or FRUSTRATED do you feel RIGHT NOW?,9,How HAPPY or UNHAPPY do YOU feel RIGHT NOW?,5,How CALM or STRESSED do YOU feel RIGHT NOW?,4,How AGITATED or PEACEFUL do YOU feel RIGHT NOW?,7,How FOCUSED or DISTRACTED do YOU feel RIGHT NOW?,8,How CONTENT or FRUSTRATED do you feel RIGHT NOW?,2,Please type in how old you are (enter numeric values only):,44
S1ID24,2025-06-26T09:20:14.672Z,bb_study1,0,0,0,0,"Please proceed with the auditory session in a separate window if you haven't already. Once you finish, return to this screen after completing the session. Type in 'OK', and press Submit to continue. ",TWELVE HERTZ,Please indicate your sex:,Female,"When you hold a phone to your head for a call, which ear do you usually listen with?",Right,How HAPPY or UNHAPPY do YOU feel RIGHT NOW?,5,How CALM or STRESSED do YOU feel RIGHT NOW?,1,How AGITATED or PEACEFUL do YOU feel RIGHT NOW?,9,How FOCUSED or DISTRACTED do YOU feel RIGHT NOW?,9,How CONTENT or FRUSTRATED do you feel RIGHT NOW?,8,How HAPPY or UNHAPPY do YOU feel RIGHT NOW?,5,How CALM or STRESSED do YOU feel RIGHT NOW?,1,How AGITATED or PEACEFUL do YOU feel RIGHT NOW?,9,How FOCUSED or DISTRACTED do YOU feel RIGHT NOW?,9,How CONTENT or FRUSTRATED do you feel RIGHT NOW?,8,Please type in how old you are (enter numeric values only):,22
S1ID25,2025-06-27T02:10:58.634Z,bb_study1,0,0,0,0,"Please proceed with the auditory session in a separate window if you haven't already. Once you finish, return to this screen after completing the session. Type in 'OK', and press Submit to continue. ",NINE HERTZ,Please indicate your sex:,Male,"When you hold a phone to your head for a call, which ear do you usually listen with?",Right,How HAPPY or UNHAPPY do YOU feel RIGHT NOW?,6,How CALM or STRESSED do YOU feel RIGHT NOW?,3,How AGITATED or PEACEFUL do YOU feel RIGHT NOW?,6,How FOCUSED or DISTRACTED do YOU feel RIGHT NOW?,6,How CONTENT or FRUSTRATED do you feel RIGHT NOW?,7,How HAPPY or UNHAPPY do YOU feel RIGHT NOW?,6,How CALM or STRESSED do YOU feel RIGHT NOW?,3,How AGITATED or PEACEFUL do YOU feel RIGHT NOW?,6,How FOCUSED or DISTRACTED do YOU feel RIGHT NOW?,6,How CONTENT or FRUSTRATED do you feel RIGHT NOW?,7,Please type in how old you are (enter numeric values only):,30
S1ID26,2025-06-28T20:24:43.873Z,bb_study1,0,0,0,0,"Please proceed with the auditory session in a separate window if you haven't already. Once you finish, return to this screen after completing the session. Type in 'OK', and press Submit to continue. ",THREE HERTZ,Please indicate your sex:,Male,"When you hold a phone to your head for a call, which ear do you usually listen with?",Right,How HAPPY or UNHAPPY do YOU feel RIGHT NOW?,5,How CALM or STRESSED do YOU feel RIGHT NOW?,4,How AGITATED or PEACEFUL do YOU feel RIGHT NOW?,3,How FOCUSED or DISTRACTED do YOU feel RIGHT NOW?,4,How CONTENT or FRUSTRATED do you feel RIGHT NOW?,6,How HAPPY or UNHAPPY do YOU feel RIGHT NOW?,4,How CALM or STRESSED do YOU feel RIGHT NOW?,6,How AGITATED or PEACEFUL do YOU feel RIGHT NOW?,6,How FOCUSED or DISTRACTED do YOU feel RIGHT NOW?,5,How CONTENT or FRUSTRATED do you feel RIGHT NOW?,4,Please type in how old you are (enter numeric values only):,42
S1ID27,2025-06-29T10:56:59.470Z,bb_study1,0,0,0,0,"Please proceed with the auditory session in a separate window if you haven't already. Once you finish, return to this screen after completing the session. Type in 'OK', and press Submit to continue. ",NINE HERTZ,Please indicate your sex:,Female,"When you hold a phone to your head for a call, which ear do you usually listen with?",Right,How HAPPY or UNHAPPY do YOU feel RIGHT NOW?,2,How CALM or STRESSED do YOU feel RIGHT NOW?,4,How AGITATED or PEACEFUL do YOU feel RIGHT NOW?,7,How FOCUSED or DISTRACTED do YOU feel RIGHT NOW?,8,How CONTENT or FRUSTRATED do you feel RIGHT NOW?,6,How HAPPY or UNHAPPY do YOU feel RIGHT NOW?,6,How CALM or STRESSED do YOU feel RIGHT NOW?,3,How AGITATED or PEACEFUL do YOU feel RIGHT NOW?,8,How FOCUSED or DISTRACTED do YOU feel RIGHT NOW?,6,How CONTENT or FRUSTRATED do you feel RIGHT NOW?,5,Please type in how old you are (enter numeric values only):,42
S1ID28,2025-06-30T10:57:02.301Z,bb_study1,0,0,0,0,"Please proceed with the auditory session in a separate window if you haven't already. Once you finish, return to this screen after completing the session. Type in 'OK', and press Submit to continue. ",SIX HERTZ,Please indicate your sex:,Male,"When you hold a phone to your head for a call, which ear do you usually listen with?",Left,How HAPPY or UNHAPPY do YOU feel RIGHT NOW?,7,How CALM or STRESSED do YOU feel RIGHT NOW?,6,How AGITATED or PEACEFUL do YOU feel RIGHT NOW?,2,How FOCUSED or DISTRACTED do YOU feel RIGHT NOW?,6,How CONTENT or FRUSTRATED do you feel RIGHT NOW?,5,How HAPPY or UNHAPPY do YOU feel RIGHT NOW?,6,How CALM or STRESSED do YOU feel RIGHT NOW?,5,How AGITATED or PEACEFUL do YOU feel RIGHT NOW?,6,How FOCUSED or DISTRACTED do YOU feel RIGHT NOW?,8,How CONTENT or FRUSTRATED do you feel RIGHT NOW?,7,Please type in how old you are (enter numeric values only):,35
S1ID57,2025-07-01T09:55:27.146Z,bb_study1,0,0,0,0,"Please proceed with the auditory session in a separate window if you haven't already. Once you finish, return to this screen after completing the session. Type in 'OK', and press Submit to continue. ",SIX HERTZ,Please indicate your sex:,Female,"When you hold a phone to your head for a call, which ear do you usually listen with?",Left,How HAPPY or UNHAPPY do YOU feel RIGHT NOW?,6,How CALM or STRESSED do YOU feel RIGHT NOW?,5,How AGITATED or PEACEFUL do YOU feel RIGHT NOW?,7,How FOCUSED or DISTRACTED do YOU feel RIGHT NOW?,7,How CONTENT or FRUSTRATED do you feel RIGHT NOW?,7,How HAPPY or UNHAPPY do YOU feel RIGHT NOW?,6,How CALM or STRESSED do YOU feel RIGHT NOW?,2,How AGITATED or PEACEFUL do YOU feel RIGHT NOW?,7,How FOCUSED or DISTRACTED do YOU feel RIGHT NOW?,9,How CONTENT or FRUSTRATED do you feel RIGHT NOW?,6,Please type in how old you are (enter numeric values only):,18
S1ID58,2025-07-01T17:45:39.672Z,bb_study1,0,0,0,0,"Please proceed with the auditory session in a separate window if you haven't already. Once you finish, return to this screen after completing the session. Type in 'OK', and press Submit to continue. ",TWELVE HERTZ,Please indicate your sex:,Female,"When you hold a phone to your head for a call, which ear do you usually listen with?",Right,How HAPPY or UNHAPPY do YOU feel RIGHT NOW?,5,How CALM or STRESSED do YOU feel RIGHT NOW?,6,How AGITATED or PEACEFUL do YOU feel RIGHT NOW?,6,How FOCUSED or DISTRACTED do YOU feel RIGHT NOW?,6,How CONTENT or FRUSTRATED do you feel RIGHT NOW?,5,How HAPPY or UNHAPPY do YOU feel RIGHT NOW?,5,How CALM or STRESSED do YOU feel RIGHT NOW?,3,How AGITATED or PEACEFUL do YOU feel RIGHT NOW?,6,How FOCUSED or DISTRACTED do YOU feel RIGHT NOW?,6,How CONTENT or FRUSTRATED do you feel RIGHT NOW?,5,Please type in how old you are (enter numeric values only):,23
S1ID29,2025-07-01T22:26:58.103Z,bb_study1,0,0,0,0,"Please proceed with the auditory session in a separate window if you haven't already. Once you finish, return to this screen after completing the session. Type in 'OK', and press Submit to continue. ",NINE HERTZ,Please indicate your sex:,Male,"When you hold a phone to your head for a call, which ear do you usually listen with?",Right,How HAPPY or UNHAPPY do YOU feel RIGHT NOW?,5,How CALM or STRESSED do YOU feel RIGHT NOW?,2,How AGITATED or PEACEFUL do YOU feel RIGHT NOW?,6,How FOCUSED or DISTRACTED do YOU feel RIGHT NOW?,5,How CONTENT or FRUSTRATED do you feel RIGHT NOW?,7,How HAPPY or UNHAPPY do YOU feel RIGHT NOW?,6,How CALM or STRESSED do YOU feel RIGHT NOW?,1,How AGITATED or PEACEFUL do YOU feel RIGHT NOW?,6,How FOCUSED or DISTRACTED do YOU feel RIGHT NOW?,5,How CONTENT or FRUSTRATED do you feel RIGHT NOW?,7,Please type in how old you are (enter numeric values only):,35
S1ID59,2025-07-02T01:56:26.497Z,bb_study1,0,0,0,0,"Please proceed with the auditory session in a separate window if you haven't already. Once you finish, return to this screen after completing the session. Type in 'OK', and press Submit to continue. ",TWELVE HERTZ,Please indicate your sex:,Male,"When you hold a phone to your head for a call, which ear do you usually listen with?",Left,How HAPPY or UNHAPPY do YOU feel RIGHT NOW?,5,How CALM or STRESSED do YOU feel RIGHT NOW?,8,How AGITATED or PEACEFUL do YOU feel RIGHT NOW?,3,How FOCUSED or DISTRACTED do YOU feel RIGHT NOW?,6,How CONTENT or FRUSTRATED do you feel RIGHT NOW?,6,How HAPPY or UNHAPPY do YOU feel RIGHT NOW?,6,How CALM or STRESSED do YOU feel RIGHT NOW?,5,How AGITATED or PEACEFUL do YOU feel RIGHT NOW?,8,How FOCUSED or DISTRACTED do YOU feel RIGHT NOW?,4,How CONTENT or FRUSTRATED do you feel RIGHT NOW?,1,Please type in how old you are (enter numeric values only):,41
S1ID30,2025-07-02T10:09:59.879Z,bb_study1,0,0,0,0,"Please proceed with the auditory session in a separate window if you haven't already. Once you finish, return to this screen after completing the session. Type in 'OK', and press Submit to continue. ",THREE HERTZ,Please indicate your sex:,Male,"When you hold a phone to your head for a call, which ear do you usually listen with?",Left,How HAPPY or UNHAPPY do YOU feel RIGHT NOW?,7,How CALM or STRESSED do YOU feel RIGHT NOW?,5,How AGITATED or PEACEFUL do YOU feel RIGHT NOW?,7,How FOCUSED or DISTRACTED do YOU feel RIGHT NOW?,6,How CONTENT or FRUSTRATED do you feel RIGHT NOW?,4,How HAPPY or UNHAPPY do YOU feel RIGHT NOW?,7,How CALM or STRESSED do YOU feel RIGHT NOW?,3,How AGITATED or PEACEFUL do YOU feel RIGHT NOW?,6,How FOCUSED or DISTRACTED do YOU feel RIGHT NOW?,6,How CONTENT or FRUSTRATED do you feel RIGHT NOW?,7,Please type in how old you are (enter numeric values only):,25
S1ID60,2025-07-02T23:12:45.166Z,bb_study1,0,0,0,0,"Please proceed with the auditory session in a separate window if you haven't already. Once you finish, return to this screen after completing the session. Type in 'OK', and press Submit to continue. ",THREE HERTZ,Please indicate your sex:,Female,"When you hold a phone to your head for a call, which ear do you usually listen with?",Either,How HAPPY or UNHAPPY do YOU feel RIGHT NOW?,2,How CALM or STRESSED do YOU feel RIGHT NOW?,1,How AGITATED or PEACEFUL do YOU feel RIGHT NOW?,6,How FOCUSED or DISTRACTED do YOU feel RIGHT NOW?,7,How CONTENT or FRUSTRATED do you feel RIGHT NOW?,9,How HAPPY or UNHAPPY do YOU feel RIGHT NOW?,6,How CALM or STRESSED do YOU feel RIGHT NOW?,1,How AGITATED or PEACEFUL do YOU feel RIGHT NOW?,6,How FOCUSED or DISTRACTED do YOU feel RIGHT NOW?,7,How CONTENT or FRUSTRATED do you feel RIGHT NOW?,9,Please type in how old you are (enter numeric values only):,40
S1ID61,2025-07-03T08:22:06.569Z,bb_study1,0,0,0,0,"Please proceed with the auditory session in a separate window if you haven't already. Once you finish, return to this screen after completing the session. Type in 'OK', and press Submit to continue. ",NINE HERTZ,Please indicate your sex:,Male,"When you hold a phone to your head for a call, which ear do you usually listen with?",Right,How HAPPY or UNHAPPY do YOU feel RIGHT NOW?,9,How CALM or STRESSED do YOU feel RIGHT NOW?,6,How AGITATED or PEACEFUL do YOU feel RIGHT NOW?,6,How FOCUSED or DISTRACTED do YOU feel RIGHT NOW?,6,How CONTENT or FRUSTRATED do you feel RIGHT NOW?,6,How HAPPY or UNHAPPY do YOU feel RIGHT NOW?,5,How CALM or STRESSED do YOU feel RIGHT NOW?,3,How AGITATED or PEACEFUL do YOU feel RIGHT NOW?,9,How FOCUSED or DISTRACTED do YOU feel RIGHT NOW?,7,How CONTENT or FRUSTRATED do you feel RIGHT NOW?,5,Please type in how old you are (enter numeric values only):,33
S1ID31,2025-07-03T12:45:07.021Z,bb_study1,0,0,0,0,"Please proceed with the auditory session in a separate window if you haven't already. Once you finish, return to this screen after completing the session. Type in 'OK', and press Submit to continue. ",SIX HERTZ,Please indicate your sex:,Female,"When you hold a phone to your head for a call, which ear do you usually listen with?",Left,How HAPPY or UNHAPPY do YOU feel RIGHT NOW?,5,How CALM or STRESSED do YOU feel RIGHT NOW?,5,How AGITATED or PEACEFUL do YOU feel RIGHT NOW?,5,How FOCUSED or DISTRACTED do YOU feel RIGHT NOW?,5,How CONTENT or FRUSTRATED do you feel RIGHT NOW?,5,How HAPPY or UNHAPPY do YOU feel RIGHT NOW?,6,How CALM or STRESSED do YOU feel RIGHT NOW?,5,How AGITATED or PEACEFUL do YOU feel RIGHT NOW?,5,How FOCUSED or DISTRACTED do YOU feel RIGHT NOW?,8,How CONTENT or FRUSTRATED do you feel RIGHT NOW?,5,Please type in how old you are (enter numeric values only):,20
S1ID62,2025-07-04T06:33:18.207Z,bb_study1,0,0,0,0,"Please proceed with the auditory session in a separate window if you haven't already. Once you finish, return to this screen after completing the session. Type in 'OK', and press Submit to continue. ",TWELVE HERTZ,Please indicate your sex:,Female,"When you hold a phone to your head for a call, which ear do you usually listen with?",Right,How HAPPY or UNHAPPY do YOU feel RIGHT NOW?,6,How CALM or STRESSED do YOU feel RIGHT NOW?,7,How AGITATED or PEACEFUL do YOU feel RIGHT NOW?,4,How FOCUSED or DISTRACTED do YOU feel RIGHT NOW?,3,How CONTENT or FRUSTRATED do you feel RIGHT NOW?,4,How HAPPY or UNHAPPY do YOU feel RIGHT NOW?,4,How CALM or STRESSED do YOU feel RIGHT NOW?,1,How AGITATED or PEACEFUL do YOU feel RIGHT NOW?,8,How FOCUSED or DISTRACTED do YOU feel RIGHT NOW?,4,How CONTENT or FRUSTRATED do you feel RIGHT NOW?,9,Please type in how old you are (enter numeric values only):,25
S1ID63,2025-07-04T08:22:06.569Z,bb_study1,0,0,0,0,"Please proceed with the auditory session in a separate window if you haven't already. Once you finish, return to this screen after completing the session. Type in 'OK', and press Submit to continue. ",THREE HERTZ,Please indicate your sex:,Male,"When you hold a phone to your head for a call, which ear do you usually listen with?",Right,How HAPPY or UNHAPPY do YOU feel RIGHT NOW?,5,How CALM or STRESSED do YOU feel RIGHT NOW?,4,How AGITATED or PEACEFUL do YOU feel RIGHT NOW?,9,How FOCUSED or DISTRACTED do YOU feel RIGHT NOW?,7,How CONTENT or FRUSTRATED do you feel RIGHT NOW?,6,How HAPPY or UNHAPPY do YOU feel RIGHT NOW?,6,How CALM or STRESSED do YOU feel RIGHT NOW?,2,How AGITATED or PEACEFUL do YOU feel RIGHT NOW?,6,How FOCUSED or DISTRACTED do YOU feel RIGHT NOW?,6,How CONTENT or FRUSTRATED do you feel RIGHT NOW?,5,Please type in how old you are (enter numeric values only):,23
S1ID32,2025-07-04T17:39:12.208Z,bb_study1,0,0,0,0,"Please proceed with the auditory session in a separate window if you haven't already. Once you finish, return to this screen after completing the session. Type in 'OK', and press Submit to continue. ",NINE HERTZ,Please indicate your sex:,Male,"When you hold a phone to your head for a call, which ear do you usually listen with?",Right,How HAPPY or UNHAPPY do YOU feel RIGHT NOW?,4,How CALM or STRESSED do YOU feel RIGHT NOW?,5,How AGITATED or PEACEFUL do YOU feel RIGHT NOW?,5,How FOCUSED or DISTRACTED do YOU feel RIGHT NOW?,6,How CONTENT or FRUSTRATED do you feel RIGHT NOW?,5,How HAPPY or UNHAPPY do YOU feel RIGHT NOW?,4,How CALM or STRESSED do YOU feel RIGHT NOW?,5,How AGITATED or PEACEFUL do YOU feel RIGHT NOW?,5,How FOCUSED or DISTRACTED do YOU feel RIGHT NOW?,6,How CONTENT or FRUSTRATED do you feel RIGHT NOW?,5,Please type in how old you are (enter numeric values only):,38
S1ID64,2025-07-05T04:36:29.215Z,bb_study1,0,0,0,0,"Please proceed with the auditory session in a separate window if you haven't already. Once you finish, return to this screen after completing the session. Type in 'OK', and press Submit to continue. ",NINE HERTZ,Please indicate your sex:,Female,"When you hold a phone to your head for a call, which ear do you usually listen with?",Right,How HAPPY or UNHAPPY do YOU feel RIGHT NOW?,5,How CALM or STRESSED do YOU feel RIGHT NOW?,1,How AGITATED or PEACEFUL do YOU feel RIGHT NOW?,9,How FOCUSED or DISTRACTED do YOU feel RIGHT NOW?,9,How CONTENT or FRUSTRATED do you feel RIGHT NOW?,9,How HAPPY or UNHAPPY do YOU feel RIGHT NOW?,5,How CALM or STRESSED do YOU feel RIGHT NOW?,1,How AGITATED or PEACEFUL do YOU feel RIGHT NOW?,9,How FOCUSED or DISTRACTED do YOU feel RIGHT NOW?,9,How CONTENT or FRUSTRATED do you feel RIGHT NOW?,9,Please type in how old you are (enter numeric values only):,43
S1ID65,2025-07-05T05:10:39.763Z,bb_study1,0,0,0,0,"Please proceed with the auditory session in a separate window if you haven't already. Once you finish, return to this screen after completing the session. Type in 'OK', and press Submit to continue. ",TWELVE HERTZ,Please indicate your sex:,Male,"When you hold a phone to your head for a call, which ear do you usually listen with?",Left,How HAPPY or UNHAPPY do YOU feel RIGHT NOW?,9,How CALM or STRESSED do YOU feel RIGHT NOW?,1,How AGITATED or PEACEFUL do YOU feel RIGHT NOW?,6,How FOCUSED or DISTRACTED do YOU feel RIGHT NOW?,8,How CONTENT or FRUSTRATED do you feel RIGHT NOW?,9,How HAPPY or UNHAPPY do YOU feel RIGHT NOW?,9,How CALM or STRESSED do YOU feel RIGHT NOW?,1,How AGITATED or PEACEFUL do YOU feel RIGHT NOW?,6,How FOCUSED or DISTRACTED do YOU feel RIGHT NOW?,6,How CONTENT or FRUSTRATED do you feel RIGHT NOW?,9,Please type in how old you are (enter numeric values only):,21
S1ID33,2025-07-05T12:04:34.114Z,bb_study1,0,0,0,0,"Please proceed with the auditory session in a separate window if you haven't already. Once you finish, return to this screen after completing the session. Type in 'OK', and press Submit to continue. ",SIX HERTZ,Please indicate your sex:,Female,"When you hold a phone to your head for a call, which ear do you usually listen with?",Right,How HAPPY or UNHAPPY do YOU feel RIGHT NOW?,6,How CALM or STRESSED do YOU feel RIGHT NOW?,6,How AGITATED or PEACEFUL do YOU feel RIGHT NOW?,4,How FOCUSED or DISTRACTED do YOU feel RIGHT NOW?,4,How CONTENT or FRUSTRATED do you feel RIGHT NOW?,6,How HAPPY or UNHAPPY do YOU feel RIGHT NOW?,6,How CALM or STRESSED do YOU feel RIGHT NOW?,6,How AGITATED or PEACEFUL do YOU feel RIGHT NOW?,7,How FOCUSED or DISTRACTED do YOU feel RIGHT NOW?,7,How CONTENT or FRUSTRATED do you feel RIGHT NOW?,7,Please type in how old you are (enter numeric values only):,22
S1ID66,2025-07-06T00:42:05.981Z,bb_study1,0,0,0,0,"Please proceed with the auditory session in a separate window if you haven't already. Once you finish, return to this screen after completing the session. Type in 'OK', and press Submit to continue. ",TWELVE HERTZ,Please indicate your sex:,Female,"When you hold a phone to your head for a call, which ear do you usually listen with?",Right,How HAPPY or UNHAPPY do YOU feel RIGHT NOW?,7,How CALM or STRESSED do YOU feel RIGHT NOW?,2,How AGITATED or PEACEFUL do YOU feel RIGHT NOW?,7,How FOCUSED or DISTRACTED do YOU feel RIGHT NOW?,7,How CONTENT or FRUSTRATED do you feel RIGHT NOW?,7,How HAPPY or UNHAPPY do YOU feel RIGHT NOW?,7,How CALM or STRESSED do YOU feel RIGHT NOW?,2,How AGITATED or PEACEFUL do YOU feel RIGHT NOW?,8,How FOCUSED or DISTRACTED do YOU feel RIGHT NOW?,9,How CONTENT or FRUSTRATED do you feel RIGHT NOW?,9,Please type in how old you are (enter numeric values only):,40
S1ID34,2025-07-06T14:52:59.712Z,bb_study1,0,0,0,0,"Please proceed with the auditory session in a separate window if you haven't already. Once you finish, return to this screen after completing the session. Type in 'OK', and press Submit to continue. ",NINE HERTZ,Please indicate your sex:,Female,"When you hold a phone to your head for a call, which ear do you usually listen with?",Right,How HAPPY or UNHAPPY do YOU feel RIGHT NOW?,2,How CALM or STRESSED do YOU feel RIGHT NOW?,4,How AGITATED or PEACEFUL do YOU feel RIGHT NOW?,1,How FOCUSED or DISTRACTED do YOU feel RIGHT NOW?,2,How CONTENT or FRUSTRATED do you feel RIGHT NOW?,7,How HAPPY or UNHAPPY do YOU feel RIGHT NOW?,5,How CALM or STRESSED do YOU feel RIGHT NOW?,3,How AGITATED or PEACEFUL do YOU feel RIGHT NOW?,8,How FOCUSED or DISTRACTED do YOU feel RIGHT NOW?,6,How CONTENT or FRUSTRATED do you feel RIGHT NOW?,5,Please type in how old you are (enter numeric values only):,36
S1ID67,2025-07-06T23:22:08.331Z,bb_study1,0,0,0,0,"Please proceed with the auditory session in a separate window if you haven't already. Once you finish, return to this screen after completing the session. Type in 'OK', and press Submit to continue. ",SIX HERTZ,Please indicate your sex:,Female,"When you hold a phone to your head for a call, which ear do you usually listen with?",Left,How HAPPY or UNHAPPY do YOU feel RIGHT NOW?,6,How CALM or STRESSED do YOU feel RIGHT NOW?,4,How AGITATED or PEACEFUL do YOU feel RIGHT NOW?,6,How FOCUSED or DISTRACTED do YOU feel RIGHT NOW?,6,How CONTENT or FRUSTRATED do you feel RIGHT NOW?,3,How HAPPY or UNHAPPY do YOU feel RIGHT NOW?,6,How CALM or STRESSED do YOU feel RIGHT NOW?,4,How AGITATED or PEACEFUL do YOU feel RIGHT NOW?,6,How FOCUSED or DISTRACTED do YOU feel RIGHT NOW?,6,How CONTENT or FRUSTRATED do you feel RIGHT NOW?,3,Please type in how old you are (enter numeric values only):,20
S1ID68,2025-07-07T06:08:25.411Z,bb_study1,0,0,0,0,"Please proceed with the auditory session in a separate window if you haven't already. Once you finish, return to this screen after completing the session. Type in 'OK', and press Submit to continue. ",SIX HERTZ,Please indicate your sex:,Female,"When you hold a phone to your head for a call, which ear do you usually listen with?",Left,How HAPPY or UNHAPPY do YOU feel RIGHT NOW?,2,How CALM or STRESSED do YOU feel RIGHT NOW?,5,How AGITATED or PEACEFUL do YOU feel RIGHT NOW?,4,How FOCUSED or DISTRACTED do YOU feel RIGHT NOW?,6,How CONTENT or FRUSTRATED do you feel RIGHT NOW?,4,How HAPPY or UNHAPPY do YOU feel RIGHT NOW?,6,How CALM or STRESSED do YOU feel RIGHT NOW?,3,How AGITATED or PEACEFUL do YOU feel RIGHT NOW?,6,How FOCUSED or DISTRACTED do YOU feel RIGHT NOW?,7,How CONTENT or FRUSTRATED do you feel RIGHT NOW?,4,Please type in how old you are (enter numeric values only):,37
S1ID35,2025-07-07T09:59:22.853Z,bb_study1,0,0,0,0,"Please proceed with the auditory session in a separate window if you haven't already. Once you finish, return to this screen after completing the session. Type in 'OK', and press Submit to continue. ",THREE HERTZ,Please indicate your sex:,Male,"When you hold a phone to your head for a call, which ear do you usually listen with?",Either,How HAPPY or UNHAPPY do YOU feel RIGHT NOW?,6,How CALM or STRESSED do YOU feel RIGHT NOW?,6,How AGITATED or PEACEFUL do YOU feel RIGHT NOW?,5,How FOCUSED or DISTRACTED do YOU feel RIGHT NOW?,4,How CONTENT or FRUSTRATED do you feel RIGHT NOW?,4,How HAPPY or UNHAPPY do YOU feel RIGHT NOW?,7,How CALM or STRESSED do YOU feel RIGHT NOW?,6,How AGITATED or PEACEFUL do YOU feel RIGHT NOW?,5,How FOCUSED or DISTRACTED do YOU feel RIGHT NOW?,7,How CONTENT or FRUSTRATED do you feel RIGHT NOW?,6,Please type in how old you are (enter numeric values only):,39
S1ID69,2025-07-08T03:14:22.108Z,bb_study1,0,0,0,0,"Please proceed with the auditory session in a separate window if you haven't already. Once you finish, return to this screen after completing the session. Type in 'OK', and press Submit to continue. ",TWELVE HERTZ,Please indicate your sex:,Female,"When you hold a phone to your head for a call, which ear do you usually listen with?",Right,How HAPPY or UNHAPPY do YOU feel RIGHT NOW?,7,How CALM or STRESSED do YOU feel RIGHT NOW?,3,How AGITATED or PEACEFUL do YOU feel RIGHT NOW?,3,How FOCUSED or DISTRACTED do YOU feel RIGHT NOW?,3,How CONTENT or FRUSTRATED do you feel RIGHT NOW?,3,How HAPPY or UNHAPPY do YOU feel RIGHT NOW?,7,How CALM or STRESSED do YOU feel RIGHT NOW?,3,How AGITATED or PEACEFUL do YOU feel RIGHT NOW?,3,How FOCUSED or DISTRACTED do YOU feel RIGHT NOW?,3,How CONTENT or FRUSTRATED do you feel RIGHT NOW?,6,Please type in how old you are (enter numeric values only):,22
S1ID36,2025-07-08T22:59:56.140Z,bb_study1,0,0,0,0,"Please proceed with the auditory session in a separate window if you haven't already. Once you finish, return to this screen after completing the session. Type in 'OK', and press Submit to continue. ",SIX HERTZ,Please indicate your sex:,Male,"When you hold a phone to your head for a call, which ear do you usually listen with?",Right,How HAPPY or UNHAPPY do YOU feel RIGHT NOW?,6,How CALM or STRESSED do YOU feel RIGHT NOW?,6,How AGITATED or PEACEFUL do YOU feel RIGHT NOW?,6,How FOCUSED or DISTRACTED do YOU feel RIGHT NOW?,7,How CONTENT or FRUSTRATED do you feel RIGHT NOW?,6,How HAPPY or UNHAPPY do YOU feel RIGHT NOW?,6,How CALM or STRESSED do YOU feel RIGHT NOW?,2,How AGITATED or PEACEFUL do YOU feel RIGHT NOW?,6,How FOCUSED or DISTRACTED do YOU feel RIGHT NOW?,4,How CONTENT or FRUSTRATED do you feel RIGHT NOW?,6,Please type in how old you are (enter numeric values only):,37
S1ID70,2025-07-09T08:55:47.320Z,bb_study1,0,0,0,0,"Please proceed with the auditory session in a separate window if you haven't already. Once you finish, return to this screen after completing the session. Type in 'OK', and press Submit to continue. ",NINE HERTZ,Please indicate your sex:,Male,"When you hold a phone to your head for a call, which ear do you usually listen with?",Right,How HAPPY or UNHAPPY do YOU feel RIGHT NOW?,8,How CALM or STRESSED do YOU feel RIGHT NOW?,1,How AGITATED or PEACEFUL do YOU feel RIGHT NOW?,7,How FOCUSED or DISTRACTED do YOU feel RIGHT NOW?,7,How CONTENT or FRUSTRATED do you feel RIGHT NOW?,8,How HAPPY or UNHAPPY do YOU feel RIGHT NOW?,8,How CALM or STRESSED do YOU feel RIGHT NOW?,1,How AGITATED or PEACEFUL do YOU feel RIGHT NOW?,7,How FOCUSED or DISTRACTED do YOU feel RIGHT NOW?,7,How CONTENT or FRUSTRATED do you feel RIGHT NOW?,8,Please type in how old you are (enter numeric values only):,39
S1ID37,2025-07-09T22:57:58.622Z,bb_study1,0,0,0,0,"Please proceed with the auditory session in a separate window if you haven't already. Once you finish, return to this screen after completing the session. Type in 'OK', and press Submit to continue. ",SIX HERTZ,Please indicate your sex:,Female,"When you hold a phone to your head for a call, which ear do you usually listen with?",Right,How HAPPY or UNHAPPY do YOU feel RIGHT NOW?,8,How CALM or STRESSED do YOU feel RIGHT NOW?,8,How AGITATED or PEACEFUL do YOU feel RIGHT NOW?,6,How FOCUSED or DISTRACTED do YOU feel RIGHT NOW?,4,How CONTENT or FRUSTRATED do you feel RIGHT NOW?,3,How HAPPY or UNHAPPY do YOU feel RIGHT NOW?,5,How CALM or STRESSED do YOU feel RIGHT NOW?,4,How AGITATED or PEACEFUL do YOU feel RIGHT NOW?,6,How FOCUSED or DISTRACTED do YOU feel RIGHT NOW?,8,How CONTENT or FRUSTRATED do you feel RIGHT NOW?,3,Please type in how old you are (enter numeric values only):,28
S1ID38,2025-07-10T02:56:26.497Z,bb_study1,0,0,0,0,"Please proceed with the auditory session in a separate window if you haven't already. Once you finish, return to this screen after completing the session. Type in 'OK', and press Submit to continue. ",NINE HERTZ,Please indicate your sex:,Female,"When you hold a phone to your head for a call, which ear do you usually listen with?",Left,How HAPPY or UNHAPPY do YOU feel RIGHT NOW?,5,How CALM or STRESSED do YOU feel RIGHT NOW?,1,How AGITATED or PEACEFUL do YOU feel RIGHT NOW?,5,How FOCUSED or DISTRACTED do YOU feel RIGHT NOW?,3,How CONTENT or FRUSTRATED do you feel RIGHT NOW?,3,How HAPPY or UNHAPPY do YOU feel RIGHT NOW?,6,How CALM or STRESSED do YOU feel RIGHT NOW?,1,How AGITATED or PEACEFUL do YOU feel RIGHT NOW?,6,How FOCUSED or DISTRACTED do YOU feel RIGHT NOW?,6,How CONTENT or FRUSTRATED do you feel RIGHT NOW?,4,Please type in how old you are (enter numeric values only):,40
S1ID71,2025-07-10T02:57:44.390Z,bb_study1,0,0,0,0,"Please proceed with the auditory session in a separate window if you haven't already. Once you finish, return to this screen after completing the session. Type in 'OK', and press Submit to continue. ",TWELVE HERTZ,Please indicate your sex:,Female,"When you hold a phone to your head for a call, which ear do you usually listen with?",Right,How HAPPY or UNHAPPY do YOU feel RIGHT NOW?,4,How CALM or STRESSED do YOU feel RIGHT NOW?,7,How AGITATED or PEACEFUL do YOU feel RIGHT NOW?,2,How FOCUSED or DISTRACTED do YOU feel RIGHT NOW?,6,How CONTENT or FRUSTRATED do you feel RIGHT NOW?,6,How HAPPY or UNHAPPY do YOU feel RIGHT NOW?,6,How CALM or STRESSED do YOU feel RIGHT NOW?,7,How AGITATED or PEACEFUL do YOU feel RIGHT NOW?,7,How FOCUSED or DISTRACTED do YOU feel RIGHT NOW?,6,How CONTENT or FRUSTRATED do you feel RIGHT NOW?,8,Please type in how old you are (enter numeric values only):,22
S1ID72,2025-07-10T06:30:35.034Z,bb_study1,0,0,0,0,"Please proceed with the auditory session in a separate window if you haven't already. Once you finish, return to this screen after completing the session. Type in 'OK', and press Submit to continue. ",SIX HERTZ,Please indicate your sex:,Female,"When you hold a phone to your head for a call, which ear do you usually listen with?",Right,How HAPPY or UNHAPPY do YOU feel RIGHT NOW?,2,How CALM or STRESSED do YOU feel RIGHT NOW?,7,How AGITATED or PEACEFUL do YOU feel RIGHT NOW?,2,How FOCUSED or DISTRACTED do YOU feel RIGHT NOW?,2,How CONTENT or FRUSTRATED do you feel RIGHT NOW?,3,How HAPPY or UNHAPPY do YOU feel RIGHT NOW?,2,How CALM or STRESSED do YOU feel RIGHT NOW?,2,How AGITATED or PEACEFUL do YOU feel RIGHT NOW?,7,How FOCUSED or DISTRACTED do YOU feel RIGHT NOW?,7,How CONTENT or FRUSTRATED do you feel RIGHT NOW?,3,Please type in how old you are (enter numeric values only):,23
S1ID73,2025-07-11T11:21:18.162Z,bb_study1,0,0,0,0,"Please proceed with the auditory session in a separate window if you haven't already. Once you finish, return to this screen after completing the session. Type in 'OK', and press Submit to continue. ",THREE HERTZ,Please indicate your sex:,Male,"When you hold a phone to your head for a call, which ear do you usually listen with?",Right,How HAPPY or UNHAPPY do YOU feel RIGHT NOW?,7,How CALM or STRESSED do YOU feel RIGHT NOW?,4,How AGITATED or PEACEFUL do YOU feel RIGHT NOW?,5,How FOCUSED or DISTRACTED do YOU feel RIGHT NOW?,9,How CONTENT or FRUSTRATED do you feel RIGHT NOW?,6,How HAPPY or UNHAPPY do YOU feel RIGHT NOW?,6,How CALM or STRESSED do YOU feel RIGHT NOW?,4,How AGITATED or PEACEFUL do YOU feel RIGHT NOW?,7,How FOCUSED or DISTRACTED do YOU feel RIGHT NOW?,9,How CONTENT or FRUSTRATED do you feel RIGHT NOW?,9,Please type in how old you are (enter numeric values only):,43
S1ID39,2025-07-11T17:39:12.208Z,bb_study1,0,0,0,0,"Please proceed with the auditory session in a separate window if you haven't already. Once you finish, return to this screen after completing the session. Type in 'OK', and press Submit to continue. ",TWELVE HERTZ,Please indicate your sex:,Female,"When you hold a phone to your head for a call, which ear do you usually listen with?",Left,How HAPPY or UNHAPPY do YOU feel RIGHT NOW?,9,How CALM or STRESSED do YOU feel RIGHT NOW?,6,How AGITATED or PEACEFUL do YOU feel RIGHT NOW?,7,How FOCUSED or DISTRACTED do YOU feel RIGHT NOW?,4,How CONTENT or FRUSTRATED do you feel RIGHT NOW?,7,How HAPPY or UNHAPPY do YOU feel RIGHT NOW?,9,How CALM or STRESSED do YOU feel RIGHT NOW?,2,How AGITATED or PEACEFUL do YOU feel RIGHT NOW?,5,How FOCUSED or DISTRACTED do YOU feel RIGHT NOW?,8,How CONTENT or FRUSTRATED do you feel RIGHT NOW?,9,Please type in how old you are (enter numeric values only):,37
S1ID74,2025-07-12T01:10:09.587Z,bb_study1,0,0,0,0,"Please proceed with the auditory session in a separate window if you haven't already. Once you finish, return to this screen after completing the session. Type in 'OK', and press Submit to continue. ",NINE HERTZ,Please indicate your sex:,Male,"When you hold a phone to your head for a call, which ear do you usually listen with?",Either,How HAPPY or UNHAPPY do YOU feel RIGHT NOW?,6,How CALM or STRESSED do YOU feel RIGHT NOW?,6,How AGITATED or PEACEFUL do YOU feel RIGHT NOW?,6,How FOCUSED or DISTRACTED do YOU feel RIGHT NOW?,6,How CONTENT or FRUSTRATED do you feel RIGHT NOW?,3,How HAPPY or UNHAPPY do YOU feel RIGHT NOW?,4,How CALM or STRESSED do YOU feel RIGHT NOW?,5,How AGITATED or PEACEFUL do YOU feel RIGHT NOW?,7,How FOCUSED or DISTRACTED do YOU feel RIGHT NOW?,9,How CONTENT or FRUSTRATED do you feel RIGHT NOW?,9,Please type in how old you are (enter numeric values only):,37
S1ID40,2025-07-12T06:08:21.530Z,bb_study1,0,0,0,0,"Please proceed with the auditory session in a separate window if you haven't already. Once you finish, return to this screen after completing the session. Type in 'OK', and press Submit to continue. ",SIX HERTZ,Please indicate your sex:,Male,"When you hold a phone to your head for a call, which ear do you usually listen with?",Right,How HAPPY or UNHAPPY do YOU feel RIGHT NOW?,6,How CALM or STRESSED do YOU feel RIGHT NOW?,8,How AGITATED or PEACEFUL do YOU feel RIGHT NOW?,3,How FOCUSED or DISTRACTED do YOU feel RIGHT NOW?,5,How CONTENT or FRUSTRATED do you feel RIGHT NOW?,5,How HAPPY or UNHAPPY do YOU feel RIGHT NOW?,5,How CALM or STRESSED do YOU feel RIGHT NOW?,8,How AGITATED or PEACEFUL do YOU feel RIGHT NOW?,7,How FOCUSED or DISTRACTED do YOU feel RIGHT NOW?,6,How CONTENT or FRUSTRATED do you feel RIGHT NOW?,9,Please type in how old you are (enter numeric values only):,22
S1ID75,2025-07-12T09:26:55.481Z,bb_study1,0,0,0,0,"Please proceed with the auditory session in a separate window if you haven't already. Once you finish, return to this screen after completing the session. Type in 'OK', and press Submit to continue. ",TWELVE HERTZ,Please indicate your sex:,Female,"When you hold a phone to your head for a call, which ear do you usually listen with?",Right,How HAPPY or UNHAPPY do YOU feel RIGHT NOW?,5,How CALM or STRESSED do YOU feel RIGHT NOW?,5,How AGITATED or PEACEFUL do YOU feel RIGHT NOW?,5,How FOCUSED or DISTRACTED do YOU feel RIGHT NOW?,5,How CONTENT or FRUSTRATED do you feel RIGHT NOW?,5,How HAPPY or UNHAPPY do YOU feel RIGHT NOW?,5,How CALM or STRESSED do YOU feel RIGHT NOW?,5,How AGITATED or PEACEFUL do YOU feel RIGHT NOW?,5,How FOCUSED or DISTRACTED do YOU feel RIGHT NOW?,5,How CONTENT or FRUSTRATED do you feel RIGHT NOW?,5,Please type in how old you are (enter numeric values only):,23
S1ID76,2025-07-13T01:10:09.587Z,bb_study1,0,0,0,0,"Please proceed with the auditory session in a separate window if you haven't already. Once you finish, return to this screen after completing the session. Type in 'OK', and press Submit to continue. ",THREE HERTZ,Please indicate your sex:,Male,"When you hold a phone to your head for a call, which ear do you usually listen with?",Left,How HAPPY or UNHAPPY do YOU feel RIGHT NOW?,2,How CALM or STRESSED do YOU feel RIGHT NOW?,2,How AGITATED or PEACEFUL do YOU feel RIGHT NOW?,4,How FOCUSED or DISTRACTED do YOU feel RIGHT NOW?,4,How CONTENT or FRUSTRATED do you feel RIGHT NOW?,8,How HAPPY or UNHAPPY do YOU feel RIGHT NOW?,3,How CALM or STRESSED do YOU feel RIGHT NOW?,2,How AGITATED or PEACEFUL do YOU feel RIGHT NOW?,5,How FOCUSED or DISTRACTED do YOU feel RIGHT NOW?,6,How CONTENT or FRUSTRATED do you feel RIGHT NOW?,2,Please type in how old you are (enter numeric values only):,18
S1ID77,2025-07-13T07:10:09.587Z,bb_study1,0,0,0,0,"Please proceed with the auditory session in a separate window if you haven't already. Once you finish, return to this screen after completing the session. Type in 'OK', and press Submit to continue. ",TWELVE HERTZ,Please indicate your sex:,Male,"When you hold a phone to your head for a call, which ear do you usually listen with?",Right,How HAPPY or UNHAPPY do YOU feel RIGHT NOW?,5,How CALM or STRESSED do YOU feel RIGHT NOW?,6,How AGITATED or PEACEFUL do YOU feel RIGHT NOW?,3,How FOCUSED or DISTRACTED do YOU feel RIGHT NOW?,6,How CONTENT or FRUSTRATED do you feel RIGHT NOW?,7,How HAPPY or UNHAPPY do YOU feel RIGHT NOW?,5,How CALM or STRESSED do YOU feel RIGHT NOW?,2,How AGITATED or PEACEFUL do YOU feel RIGHT NOW?,6,How FOCUSED or DISTRACTED do YOU feel RIGHT NOW?,9,How CONTENT or FRUSTRATED do you feel RIGHT NOW?,6,Please type in how old you are (enter numeric values only):,39
S1ID41,2025-07-13T19:51:57.263Z,bb_study1,0,0,0,0,"Please proceed with the auditory session in a separate window if you haven't already. Once you finish, return to this screen after completing the session. Type in 'OK', and press Submit to continue. ",THREE HERTZ,Please indicate your sex:,Female,"When you hold a phone to your head for a call, which ear do you usually listen with?",Left,How HAPPY or UNHAPPY do YOU feel RIGHT NOW?,1,How CALM or STRESSED do YOU feel RIGHT NOW?,9,How AGITATED or PEACEFUL do YOU feel RIGHT NOW?,6,How FOCUSED or DISTRACTED do YOU feel RIGHT NOW?,4,How CONTENT or FRUSTRATED do you feel RIGHT NOW?,4,How HAPPY or UNHAPPY do YOU feel RIGHT NOW?,2,How CALM or STRESSED do YOU feel RIGHT NOW?,2,How AGITATED or PEACEFUL do YOU feel RIGHT NOW?,5,How FOCUSED or DISTRACTED do YOU feel RIGHT NOW?,6,How CONTENT or FRUSTRATED do you feel RIGHT NOW?,6,Please type in how old you are (enter numeric values only):,20
S1ID42,2025-07-14T06:45:33.127Z,bb_study1,0,0,0,0,"Please proceed with the auditory session in a separate window if you haven't already. Once you finish, return to this screen after completing the session. Type in 'OK', and press Submit to continue. ",THREE HERTZ,Please indicate your sex:,Male,"When you hold a phone to your head for a call, which ear do you usually listen with?",Right,How HAPPY or UNHAPPY do YOU feel RIGHT NOW?,7,How CALM or STRESSED do YOU feel RIGHT NOW?,2,How AGITATED or PEACEFUL do YOU feel RIGHT NOW?,9,How FOCUSED or DISTRACTED do YOU feel RIGHT NOW?,4,How CONTENT or FRUSTRATED do you feel RIGHT NOW?,4,How HAPPY or UNHAPPY do YOU feel RIGHT NOW?,7,How CALM or STRESSED do YOU feel RIGHT NOW?,6,How AGITATED or PEACEFUL do YOU feel RIGHT NOW?,6,How FOCUSED or DISTRACTED do YOU feel RIGHT NOW?,9,How CONTENT or FRUSTRATED do you feel RIGHT NOW?,9,Please type in how old you are (enter numeric values only):,35
S1ID78,2025-07-14T11:21:18.162Z,bb_study1,0,0,0,0,"Please proceed with the auditory session in a separate window if you haven't already. Once you finish, return to this screen after completing the session. Type in 'OK', and press Submit to continue. ",NINE HERTZ,Please indicate your sex:,Male,"When you hold a phone to your head for a call, which ear do you usually listen with?",Right,How HAPPY or UNHAPPY do YOU feel RIGHT NOW?,7,How CALM or STRESSED do YOU feel RIGHT NOW?,1,How AGITATED or PEACEFUL do YOU feel RIGHT NOW?,6,How FOCUSED or DISTRACTED do YOU feel RIGHT NOW?,4,How CONTENT or FRUSTRATED do you feel RIGHT NOW?,4,How HAPPY or UNHAPPY do YOU feel RIGHT NOW?,5,How CALM or STRESSED do YOU feel RIGHT NOW?,5,How AGITATED or PEACEFUL do YOU feel RIGHT NOW?,9,How FOCUSED or DISTRACTED do YOU feel RIGHT NOW?,9,How CONTENT or FRUSTRATED do you feel RIGHT NOW?,9,Please type in how old you are (enter numeric values only):,43
S1ID43,2025-07-15T06:45:33.127Z,bb_study1,0,0,0,0,"Please proceed with the auditory session in a separate window if you haven't already. Once you finish, return to this screen after completing the session. Type in 'OK', and press Submit to continue. ",NINE HERTZ,Please indicate your sex:,Male,"When you hold a phone to your head for a call, which ear do you usually listen with?",Left,How HAPPY or UNHAPPY do YOU feel RIGHT NOW?,5,How CALM or STRESSED do YOU feel RIGHT NOW?,6,How AGITATED or PEACEFUL do YOU feel RIGHT NOW?,3,How FOCUSED or DISTRACTED do YOU feel RIGHT NOW?,4,How CONTENT or FRUSTRATED do you feel RIGHT NOW?,4,How HAPPY or UNHAPPY do YOU feel RIGHT NOW?,5,How CALM or STRESSED do YOU feel RIGHT NOW?,6,How AGITATED or PEACEFUL do YOU feel RIGHT NOW?,3,How FOCUSED or DISTRACTED do YOU feel RIGHT NOW?,4,How CONTENT or FRUSTRATED do you feel RIGHT NOW?,4,Please type in how old you are (enter numeric values only):,25
S1ID79,2025-07-15T10:56:59.470Z,bb_study1,0,0,0,0,"Please proceed with the auditory session in a separate window if you haven't already. Once you finish, return to this screen after completing the session. Type in 'OK', and press Submit to continue. ",THREE HERTZ,Please indicate your sex:,Male,"When you hold a phone to your head for a call, which ear do you usually listen with?",Either,How HAPPY or UNHAPPY do YOU feel RIGHT NOW?,7,How CALM or STRESSED do YOU feel RIGHT NOW?,4,How AGITATED or PEACEFUL do YOU feel RIGHT NOW?,5,How FOCUSED or DISTRACTED do YOU feel RIGHT NOW?,6,How CONTENT or FRUSTRATED do you feel RIGHT NOW?,7,How HAPPY or UNHAPPY do YOU feel RIGHT NOW?,6,How CALM or STRESSED do YOU feel RIGHT NOW?,4,How AGITATED or PEACEFUL do YOU feel RIGHT NOW?,6,How FOCUSED or DISTRACTED do YOU feel RIGHT NOW?,7,How CONTENT or FRUSTRATED do you feel RIGHT NOW?,9,Please type in how old you are (enter numeric values only):,36
S1ID80,2025-07-15T14:20:14.672Z,bb_study1,0,0,0,0,"Please proceed with the auditory session in a separate window if you haven't already. Once you finish, return to this screen after completing the session. Type in 'OK', and press Submit to continue. ",TWELVE HERTZ,Please indicate your sex:,Female,"When you hold a phone to your head for a call, which ear do you usually listen with?",Right,How HAPPY or UNHAPPY do YOU feel RIGHT NOW?,6,How CALM or STRESSED do YOU feel RIGHT NOW?,6,How AGITATED or PEACEFUL do YOU feel RIGHT NOW?,6,How FOCUSED or DISTRACTED do YOU feel RIGHT NOW?,1,How CONTENT or FRUSTRATED do you feel RIGHT NOW?,5,How HAPPY or UNHAPPY do YOU feel RIGHT NOW?,5,How CALM or STRESSED do YOU feel RIGHT NOW?,2,How AGITATED or PEACEFUL do YOU feel RIGHT NOW?,6,How FOCUSED or DISTRACTED do YOU feel RIGHT NOW?,8,How CONTENT or FRUSTRATED do you feel RIGHT NOW?,3,Please type in how old you are (enter numeric values only):,22
S1ID81,2025-07-16T19:42:05.981Z,bb_study1,0,0,0,0,"Please proceed with the auditory session in a separate window if you haven't already. Once you finish, return to this screen after completing the session. Type in 'OK', and press Submit to continue. ",NINE HERTZ,Please indicate your sex:,Male,"When you hold a phone to your head for a call, which ear do you usually listen with?",Right,How HAPPY or UNHAPPY do YOU feel RIGHT NOW?,2,How CALM or STRESSED do YOU feel RIGHT NOW?,6,How AGITATED or PEACEFUL do YOU feel RIGHT NOW?,3,How FOCUSED or DISTRACTED do YOU feel RIGHT NOW?,4,How CONTENT or FRUSTRATED do you feel RIGHT NOW?,4,How HAPPY or UNHAPPY do YOU feel RIGHT NOW?,2,How CALM or STRESSED do YOU feel RIGHT NOW?,6,How AGITATED or PEACEFUL do YOU feel RIGHT NOW?,6,How FOCUSED or DISTRACTED do YOU feel RIGHT NOW?,4,How CONTENT or FRUSTRATED do you feel RIGHT NOW?,6,Please type in how old you are (enter numeric values only):,28
S1ID44,2025-07-16T23:53:31.311Z,bb_study1,0,0,0,0,"Please proceed with the auditory session in a separate window if you haven't already. Once you finish, return to this screen after completing the session. Type in 'OK', and press Submit to continue. ",THREE HERTZ,Please indicate your sex:,Male,"When you hold a phone to your head for a call, which ear do you usually listen with?",Right,How HAPPY or UNHAPPY do YOU feel RIGHT NOW?,6,How CALM or STRESSED do YOU feel RIGHT NOW?,1,How AGITATED or PEACEFUL do YOU feel RIGHT NOW?,3,How FOCUSED or DISTRACTED do YOU feel RIGHT NOW?,4,How CONTENT or FRUSTRATED do you feel RIGHT NOW?,4,How HAPPY or UNHAPPY do YOU feel RIGHT NOW?,6,How CALM or STRESSED do YOU feel RIGHT NOW?,4,How AGITATED or PEACEFUL do YOU feel RIGHT NOW?,9,How FOCUSED or DISTRACTED do YOU feel RIGHT NOW?,9,How CONTENT or FRUSTRATED do you feel RIGHT NOW?,9,Please type in how old you are (enter numeric values only):,20
S1ID45,2025-07-17T08:29:58.444Z,bb_study1,0,0,0,0,"Please proceed with the auditory session in a separate window if you haven't already. Once you finish, return to this screen after completing the session. Type in 'OK', and press Submit to continue. ",NINE HERTZ,Please indicate your sex:,Male,"When you hold a phone to your head for a call, which ear do you usually listen with?",Left,How HAPPY or UNHAPPY do YOU feel RIGHT NOW?,6,How CALM or STRESSED do YOU feel RIGHT NOW?,5,How AGITATED or PEACEFUL do YOU feel RIGHT NOW?,6,How FOCUSED or DISTRACTED do YOU feel RIGHT NOW?,3,How CONTENT or FRUSTRATED do you feel RIGHT NOW?,9,How HAPPY or UNHAPPY do YOU feel RIGHT NOW?,6,How CALM or STRESSED do YOU feel RIGHT NOW?,2,How AGITATED or PEACEFUL do YOU feel RIGHT NOW?,9,How FOCUSED or DISTRACTED do YOU feel RIGHT NOW?,2,How CONTENT or FRUSTRATED do you feel RIGHT NOW?,9,Please type in how old you are (enter numeric values only):,35
S1ID82,2025-07-17T10:39:49.088Z,bb_study1,0,0,0,0,"Please proceed with the auditory session in a separate window if you haven't already. Once you finish, return to this screen after completing the session. Type in 'OK', and press Submit to continue. ",THREE HERTZ,Please indicate your sex:,Female,"When you hold a phone to your head for a call, which ear do you usually listen with?",Right,How HAPPY or UNHAPPY do YOU feel RIGHT NOW?,7,How CALM or STRESSED do YOU feel RIGHT NOW?,4,How AGITATED or PEACEFUL do YOU feel RIGHT NOW?,9,How FOCUSED or DISTRACTED do YOU feel RIGHT NOW?,6,How CONTENT or FRUSTRATED do you feel RIGHT NOW?,4,How HAPPY or UNHAPPY do YOU feel RIGHT NOW?,6,How CALM or STRESSED do YOU feel RIGHT NOW?,6,How AGITATED or PEACEFUL do YOU feel RIGHT NOW?,7,How FOCUSED or DISTRACTED do YOU feel RIGHT NOW?,5,How CONTENT or FRUSTRATED do you feel RIGHT NOW?,5,Please type in how old you are (enter numeric values only):,23
S1ID83,2025-07-17T23:36:01.713Z,bb_study1,0,0,0,0,"Please proceed with the auditory session in a separate window if you haven't already. Once you finish, return to this screen after completing the session. Type in 'OK', and press Submit to continue. ",TWELVE HERTZ,Please indicate your sex:,Male,"When you hold a phone to your head for a call, which ear do you usually listen with?",Left,How HAPPY or UNHAPPY do YOU feel RIGHT NOW?,3,How CALM or STRESSED do YOU feel RIGHT NOW?,8,How AGITATED or PEACEFUL do YOU feel RIGHT NOW?,6,How FOCUSED or DISTRACTED do YOU feel RIGHT NOW?,7,How CONTENT or FRUSTRATED do you feel RIGHT NOW?,3,How HAPPY or UNHAPPY do YOU feel RIGHT NOW?,3,How CALM or STRESSED do YOU feel RIGHT NOW?,8,How AGITATED or PEACEFUL do YOU feel RIGHT NOW?,6,How FOCUSED or DISTRACTED do YOU feel RIGHT NOW?,7,How CONTENT or FRUSTRATED do you feel RIGHT NOW?,3,Please type in how old you are (enter numeric values only):,21
S1ID84,2025-07-18T08:20:09.588Z,bb_study1,0,0,0,0,"Please proceed with the auditory session in a separate window if you haven't already. Once you finish, return to this screen after completing the session. Type in 'OK', and press Submit to continue. ",SIX HERTZ,Please indicate your sex:,Female,"When you hold a phone to your head for a call, which ear do you usually listen with?",Right,How HAPPY or UNHAPPY do YOU feel RIGHT NOW?,7,How CALM or STRESSED do YOU feel RIGHT NOW?,7,How AGITATED or PEACEFUL do YOU feel RIGHT NOW?,9,How FOCUSED or DISTRACTED do YOU feel RIGHT NOW?,3,How CONTENT or FRUSTRATED do you feel RIGHT NOW?,3,How HAPPY or UNHAPPY do YOU feel RIGHT NOW?,6,How CALM or STRESSED do YOU feel RIGHT NOW?,4,How AGITATED or PEACEFUL do YOU feel RIGHT NOW?,6,How FOCUSED or DISTRACTED do YOU feel RIGHT NOW?,9,How CONTENT or FRUSTRATED do you feel RIGHT NOW?,7,Please type in how old you are (enter numeric values only):,45
S1ID46,2025-07-18T22:26:58.103Z,bb_study1,0,0,0,0,"Please proceed with the auditory session in a separate window if you haven't already. Once you finish, return to this screen after completing the session. Type in 'OK', and press Submit to continue. ",TWELVE HERTZ,Please indicate your sex:,Female,"When you hold a phone to your head for a call, which ear do you usually listen with?",Right,How HAPPY or UNHAPPY do YOU feel RIGHT NOW?,4,How CALM or STRESSED do YOU feel RIGHT NOW?,8,How AGITATED or PEACEFUL do YOU feel RIGHT NOW?,5,How FOCUSED or DISTRACTED do YOU feel RIGHT NOW?,3,How CONTENT or FRUSTRATED do you feel RIGHT NOW?,4,How HAPPY or UNHAPPY do YOU feel RIGHT NOW?,4,How CALM or STRESSED do YOU feel RIGHT NOW?,6,How AGITATED or PEACEFUL do YOU feel RIGHT NOW?,6,How FOCUSED or DISTRACTED do YOU feel RIGHT NOW?,4,How CONTENT or FRUSTRATED do you feel RIGHT NOW?,4,Please type in how old you are (enter numeric values only):,22
S1ID85,2025-07-19T11:59:47.320Z,bb_study1,0,0,0,0,"Please proceed with the auditory session in a separate window if you haven't already. Once you finish, return to this screen after completing the session. Type in 'OK', and press Submit to continue. ",TWELVE HERTZ,Please indicate your sex:,Female,"When you hold a phone to your head for a call, which ear do you usually listen with?",Right,How HAPPY or UNHAPPY do YOU feel RIGHT NOW?,7,How CALM or STRESSED do YOU feel RIGHT NOW?,9,How AGITATED or PEACEFUL do YOU feel RIGHT NOW?,7,How FOCUSED or DISTRACTED do YOU feel RIGHT NOW?,4,How CONTENT or FRUSTRATED do you feel RIGHT NOW?,4,How HAPPY or UNHAPPY do YOU feel RIGHT NOW?,7,How CALM or STRESSED do YOU feel RIGHT NOW?,3,How AGITATED or PEACEFUL do YOU feel RIGHT NOW?,7,How FOCUSED or DISTRACTED do YOU feel RIGHT NOW?,7,How CONTENT or FRUSTRATED do you feel RIGHT NOW?,5,Please type in how old you are (enter numeric values only):,25
S1ID86,2025-07-19T19:42:05.981Z,bb_study1,0,0,0,0,"Please proceed with the auditory session in a separate window if you haven't already. Once you finish, return to this screen after completing the session. Type in 'OK', and press Submit to continue. ",TWELVE HERTZ,Please indicate your sex:,Female,"When you hold a phone to your head for a call, which ear do you usually listen with?",Right,How HAPPY or UNHAPPY do YOU feel RIGHT NOW?,6,How CALM or STRESSED do YOU feel RIGHT NOW?,4,How AGITATED or PEACEFUL do YOU feel RIGHT NOW?,7,How FOCUSED or DISTRACTED do YOU feel RIGHT NOW?,7,How CONTENT or FRUSTRATED do you feel RIGHT NOW?,7,How HAPPY or UNHAPPY do YOU feel RIGHT NOW?,6,How CALM or STRESSED do YOU feel RIGHT NOW?,4,How AGITATED or PEACEFUL do YOU feel RIGHT NOW?,7,How FOCUSED or DISTRACTED do YOU feel RIGHT NOW?,7,How CONTENT or FRUSTRATED do you feel RIGHT NOW?,7,Please type in how old you are (enter numeric values only):,21
S1ID47,2025-07-19T23:53:31.311Z,bb_study1,0,0,0,0,"Please proceed with the auditory session in a separate window if you haven't already. Once you finish, return to this screen after completing the session. Type in 'OK', and press Submit to continue. ",NINE HERTZ,Please indicate your sex:,Male,"When you hold a phone to your head for a call, which ear do you usually listen with?",Right,How HAPPY or UNHAPPY do YOU feel RIGHT NOW?,6,How CALM or STRESSED do YOU feel RIGHT NOW?,5,How AGITATED or PEACEFUL do YOU feel RIGHT NOW?,6,How FOCUSED or DISTRACTED do YOU feel RIGHT NOW?,7,How CONTENT or FRUSTRATED do you feel RIGHT NOW?,7,How HAPPY or UNHAPPY do YOU feel RIGHT NOW?,6,How CALM or STRESSED do YOU feel RIGHT NOW?,2,How AGITATED or PEACEFUL do YOU feel RIGHT NOW?,9,How FOCUSED or DISTRACTED do YOU feel RIGHT NOW?,4,How CONTENT or FRUSTRATED do you feel RIGHT NOW?,7,Please type in how old you are (enter numeric values only):,23
S1ID87,2025-07-20T07:50:21.909Z,bb_study1,0,0,0,0,"Please proceed with the auditory session in a separate window if you haven't already. Once you finish, return to this screen after completing the session. Type in 'OK', and press Submit to continue. ",SIX HERTZ,Please indicate your sex:,Male,"When you hold a phone to your head for a call, which ear do you usually listen with?",Right,How HAPPY or UNHAPPY do YOU feel RIGHT NOW?,6,How CALM or STRESSED do YOU feel RIGHT NOW?,8,How AGITATED or PEACEFUL do YOU feel RIGHT NOW?,9,How FOCUSED or DISTRACTED do YOU feel RIGHT NOW?,6,How CONTENT or FRUSTRATED do you feel RIGHT NOW?,4,How HAPPY or UNHAPPY do YOU feel RIGHT NOW?,5,How CALM or STRESSED do YOU feel RIGHT NOW?,3,How AGITATED or PEACEFUL do YOU feel RIGHT NOW?,8,How FOCUSED or DISTRACTED do YOU feel RIGHT NOW?,6,How CONTENT or FRUSTRATED do you feel RIGHT NOW?,9,Please type in how old you are (enter numeric values only):,21
S1ID48,2025-07-20T08:29:58.444Z,bb_study1,0,0,0,0,"Please proceed with the auditory session in a separate window if you haven't already. Once you finish, return to this screen after completing the session. Type in 'OK', and press Submit to continue. ",THREE HERTZ,Please indicate your sex:,Male,"When you hold a phone to your head for a call, which ear do you usually listen with?",Left,How HAPPY or UNHAPPY do YOU feel RIGHT NOW?,9,How CALM or STRESSED do YOU feel RIGHT NOW?,1,How AGITATED or PEACEFUL do YOU feel RIGHT NOW?,3,How FOCUSED or DISTRACTED do YOU feel RIGHT NOW?,6,How CONTENT or FRUSTRATED do you feel RIGHT NOW?,4,How HAPPY or UNHAPPY do YOU feel RIGHT NOW?,6,How CALM or STRESSED do YOU feel RIGHT NOW?,6,How AGITATED or PEACEFUL do YOU feel RIGHT NOW?,6,How FOCUSED or DISTRACTED do YOU feel RIGHT NOW?,6,How CONTENT or FRUSTRATED do you feel RIGHT NOW?,9,Please type in how old you are (enter numeric values only):,45
S1ID88,2025-07-21T16:09:59.879Z,bb_study1,0,0,0,0,"Please proceed with the auditory session in a separate window if you haven't already. Once you finish, return to this screen after completing the session. Type in 'OK', and press Submit to continue. ",TWELVE HERTZ,Please indicate your sex:,Male,"When you hold a phone to your head for a call, which ear do you usually listen with?",Right,How HAPPY or UNHAPPY do YOU feel RIGHT NOW?,6,How CALM or STRESSED do YOU feel RIGHT NOW?,2,How AGITATED or PEACEFUL do YOU feel RIGHT NOW?,6,How FOCUSED or DISTRACTED do YOU feel RIGHT NOW?,4,How CONTENT or FRUSTRATED do you feel RIGHT NOW?,2,How HAPPY or UNHAPPY do YOU feel RIGHT NOW?,6,How CALM or STRESSED do YOU feel RIGHT NOW?,4,How AGITATED or PEACEFUL do YOU feel RIGHT NOW?,5,How FOCUSED or DISTRACTED do YOU feel RIGHT NOW?,6,How CONTENT or FRUSTRATED do you feel RIGHT NOW?,8,Please type in how old you are (enter numeric values only):,20
S1ID89,2025-07-21T16:19:59.876Y,bb_study1,0,0,0,0,"Please proceed with the auditory session in a separate window if you haven't already. Once you finish, return to this screen after completing the session. Type in 'OK', and press Submit to continue. ",TWELVE HERTZ,Please indicate your sex:,Female,"When you hold a phone to your head for a call, which ear do you usually listen with?",Right,How HAPPY or UNHAPPY do YOU feel RIGHT NOW?,4,How CALM or STRESSED do YOU feel RIGHT NOW?,5,How AGITATED or PEACEFUL do YOU feel RIGHT NOW?,5,How FOCUSED or DISTRACTED do YOU feel RIGHT NOW?,6,How CONTENT or FRUSTRATED do you feel RIGHT NOW?,4,How HAPPY or UNHAPPY do YOU feel RIGHT NOW?,6,How CALM or STRESSED do YOU feel RIGHT NOW?,5,How AGITATED or PEACEFUL do YOU feel RIGHT NOW?,6,How FOCUSED or DISTRACTED do YOU feel RIGHT NOW?,6,How CONTENT or FRUSTRATED do you feel RIGHT NOW?,4,Please type in how old you are (enter numeric values only):,29
S1ID49,2025-07-21T19:53:49.491Z,bb_study1,0,0,0,0,"Please proceed with the auditory session in a separate window if you haven't already. Once you finish, return to this screen after completing the session. Type in 'OK', and press Submit to continue. ",SIX HERTZ,Please indicate your sex:,Female,"When you hold a phone to your head for a call, which ear do you usually listen with?",Left,How HAPPY or UNHAPPY do YOU feel RIGHT NOW?,6,How CALM or STRESSED do YOU feel RIGHT NOW?,4,How AGITATED or PEACEFUL do YOU feel RIGHT NOW?,6,How FOCUSED or DISTRACTED do YOU feel RIGHT NOW?,6,How CONTENT or FRUSTRATED do you feel RIGHT NOW?,6,How HAPPY or UNHAPPY do YOU feel RIGHT NOW?,6,How CALM or STRESSED do YOU feel RIGHT NOW?,4,How AGITATED or PEACEFUL do YOU feel RIGHT NOW?,6,How FOCUSED or DISTRACTED do YOU feel RIGHT NOW?,6,How CONTENT or FRUSTRATED do you feel RIGHT NOW?,6,Please type in how old you are (enter numeric values only):,22
S1ID90,2025-07-21T23:18:44.901Z,bb_study1,0,0,0,0,"Please proceed with the auditory session in a separate window if you haven't already. Once you finish, return to this screen after completing the session. Type in 'OK', and press Submit to continue. ",NINE HERTZ,Please indicate your sex:,Male,"When you hold a phone to your head for a call, which ear do you usually listen with?",Right,How HAPPY or UNHAPPY do YOU feel RIGHT NOW?,7,How CALM or STRESSED do YOU feel RIGHT NOW?,1,How AGITATED or PEACEFUL do YOU feel RIGHT NOW?,9,How FOCUSED or DISTRACTED do YOU feel RIGHT NOW?,9,How CONTENT or FRUSTRATED do you feel RIGHT NOW?,9,How HAPPY or UNHAPPY do YOU feel RIGHT NOW?,7,How CALM or STRESSED do YOU feel RIGHT NOW?,1,How AGITATED or PEACEFUL do YOU feel RIGHT NOW?,9,How FOCUSED or DISTRACTED do YOU feel RIGHT NOW?,9,How CONTENT or FRUSTRATED do you feel RIGHT NOW?,9,Please type in how old you are (enter numeric values only):,28
S1ID91,2025-07-22T05:36:01.713Z,bb_study1,0,0,0,0,"Please proceed with the auditory session in a separate window if you haven't already. Once you finish, return to this screen after completing the session. Type in 'OK', and press Submit to continue. ",THREE HERTZ,Please indicate your sex:,Female,"When you hold a phone to your head for a call, which ear do you usually listen with?",Right,How HAPPY or UNHAPPY do YOU feel RIGHT NOW?,3,How CALM or STRESSED do YOU feel RIGHT NOW?,2,How AGITATED or PEACEFUL do YOU feel RIGHT NOW?,7,How FOCUSED or DISTRACTED do YOU feel RIGHT NOW?,8,How CONTENT or FRUSTRATED do you feel RIGHT NOW?,5,How HAPPY or UNHAPPY do YOU feel RIGHT NOW?,5,How CALM or STRESSED do YOU feel RIGHT NOW?,2,How AGITATED or PEACEFUL do YOU feel RIGHT NOW?,9,How FOCUSED or DISTRACTED do YOU feel RIGHT NOW?,7,How CONTENT or FRUSTRATED do you feel RIGHT NOW?,5,Please type in how old you are (enter numeric values only):,40
S1ID92,2025-07-23T04:36:29.215Z,bb_study1,0,0,0,0,"Please proceed with the auditory session in a separate window if you haven't already. Once you finish, return to this screen after completing the session. Type in 'OK', and press Submit to continue. ",TWELVE HERTZ,Please indicate your sex:,Female,"When you hold a phone to your head for a call, which ear do you usually listen with?",Right,How HAPPY or UNHAPPY do YOU feel RIGHT NOW?,2,How CALM or STRESSED do YOU feel RIGHT NOW?,8,How AGITATED or PEACEFUL do YOU feel RIGHT NOW?,4,How FOCUSED or DISTRACTED do YOU feel RIGHT NOW?,2,How CONTENT or FRUSTRATED do you feel RIGHT NOW?,8,How HAPPY or UNHAPPY do YOU feel RIGHT NOW?,2,How CALM or STRESSED do YOU feel RIGHT NOW?,4,How AGITATED or PEACEFUL do YOU feel RIGHT NOW?,5,How FOCUSED or DISTRACTED do YOU feel RIGHT NOW?,2,How CONTENT or FRUSTRATED do you feel RIGHT NOW?,8,Please type in how old you are (enter numeric values only):,22
S1ID50,2025-07-23T11:21:09.588Z,bb_study1,0,0,0,0,"Please proceed with the auditory session in a separate window if you haven't already. Once you finish, return to this screen after completing the session. Type in 'OK', and press Submit to continue. ",NINE HERTZ,Please indicate your sex:,Female,"When you hold a phone to your head for a call, which ear do you usually listen with?",Either,How HAPPY or UNHAPPY do YOU feel RIGHT NOW?,9,How CALM or STRESSED do YOU feel RIGHT NOW?,4,How AGITATED or PEACEFUL do YOU feel RIGHT NOW?,5,How FOCUSED or DISTRACTED do YOU feel RIGHT NOW?,5,How CONTENT or FRUSTRATED do you feel RIGHT NOW?,6,How HAPPY or UNHAPPY do YOU feel RIGHT NOW?,5,How CALM or STRESSED do YOU feel RIGHT NOW?,1,How AGITATED or PEACEFUL do YOU feel RIGHT NOW?,5,How FOCUSED or DISTRACTED do YOU feel RIGHT NOW?,6,How CONTENT or FRUSTRATED do you feel RIGHT NOW?,8,Please type in how old you are (enter numeric values only):,33
S1ID93,2025-07-23T19:26:58.103Z,bb_study1,0,0,0,0,"Please proceed with the auditory session in a separate window if you haven't already. Once you finish, return to this screen after completing the session. Type in 'OK', and press Submit to continue. ",TWELVE HERTZ,Please indicate your sex:,Female,"When you hold a phone to your head for a call, which ear do you usually listen with?",Right,How HAPPY or UNHAPPY do YOU feel RIGHT NOW?,8,How CALM or STRESSED do YOU feel RIGHT NOW?,7,How AGITATED or PEACEFUL do YOU feel RIGHT NOW?,6,How FOCUSED or DISTRACTED do YOU feel RIGHT NOW?,5,How CONTENT or FRUSTRATED do you feel RIGHT NOW?,5,How HAPPY or UNHAPPY do YOU feel RIGHT NOW?,6,How CALM or STRESSED do YOU feel RIGHT NOW?,4,How AGITATED or PEACEFUL do YOU feel RIGHT NOW?,5,How FOCUSED or DISTRACTED do YOU feel RIGHT NOW?,6,How CONTENT or FRUSTRATED do you feel RIGHT NOW?,5,Please type in how old you are (enter numeric values only):,35
S1ID51,2025-07-25T06:30:54.294Z,bb_study1,0,0,0,0,"Please proceed with the auditory session in a separate window if you haven't already. Once you finish, return to this screen after completing the session. Type in 'OK', and press Submit to continue. ",THREE HERTZ,Please indicate your sex:,Female,"When you hold a phone to your head for a call, which ear do you usually listen with?",Either,How HAPPY or UNHAPPY do YOU feel RIGHT NOW?,6,How CALM or STRESSED do YOU feel RIGHT NOW?,6,How AGITATED or PEACEFUL do YOU feel RIGHT NOW?,6,How FOCUSED or DISTRACTED do YOU feel RIGHT NOW?,7,How CONTENT or FRUSTRATED do you feel RIGHT NOW?,3,How HAPPY or UNHAPPY do YOU feel RIGHT NOW?,6,How CALM or STRESSED do YOU feel RIGHT NOW?,6,How AGITATED or PEACEFUL do YOU feel RIGHT NOW?,9,How FOCUSED or DISTRACTED do YOU feel RIGHT NOW?,7,How CONTENT or FRUSTRATED do you feel RIGHT NOW?,6,Please type in how old you are (enter numeric values only):,21
S1ID94,2025-07-25T10:09:59.879Z,bb_study1,0,0,0,0,"Please proceed with the auditory session in a separate window if you haven't already. Once you finish, return to this screen after completing the session. Type in 'OK', and press Submit to continue. ",NINE HERTZ,Please indicate your sex:,Female,"When you hold a phone to your head for a call, which ear do you usually listen with?",Right,How HAPPY or UNHAPPY do YOU feel RIGHT NOW?,2,How CALM or STRESSED do YOU feel RIGHT NOW?,8,How AGITATED or PEACEFUL do YOU feel RIGHT NOW?,2,How FOCUSED or DISTRACTED do YOU feel RIGHT NOW?,2,How CONTENT or FRUSTRATED do you feel RIGHT NOW?,2,How HAPPY or UNHAPPY do YOU feel RIGHT NOW?,6,How CALM or STRESSED do YOU feel RIGHT NOW?,4,How AGITATED or PEACEFUL do YOU feel RIGHT NOW?,2,How FOCUSED or DISTRACTED do YOU feel RIGHT NOW?,4,How CONTENT or FRUSTRATED do you feel RIGHT NOW?,1,Please type in how old you are (enter numeric values only):,35
S1ID52,2025-07-26T05:32:05.964Z,bb_study1,0,0,0,0,"Please proceed with the auditory session in a separate window if you haven't already. Once you finish, return to this screen after completing the session. Type in 'OK', and press Submit to continue. ",SIX HERTZ,Please indicate your sex:,Male,"When you hold a phone to your head for a call, which ear do you usually listen with?",Right,How HAPPY or UNHAPPY do YOU feel RIGHT NOW?,5,How CALM or STRESSED do YOU feel RIGHT NOW?,5,How AGITATED or PEACEFUL do YOU feel RIGHT NOW?,6,How FOCUSED or DISTRACTED do YOU feel RIGHT NOW?,3,How CONTENT or FRUSTRATED do you feel RIGHT NOW?,9,How HAPPY or UNHAPPY do YOU feel RIGHT NOW?,4,How CALM or STRESSED do YOU feel RIGHT NOW?,1,How AGITATED or PEACEFUL do YOU feel RIGHT NOW?,3,How FOCUSED or DISTRACTED do YOU feel RIGHT NOW?,5,How CONTENT or FRUSTRATED do you feel RIGHT NOW?,7,Please type in how old you are (enter numeric values only):,46
S1ID95,2025-07-26T23:18:44.901Z,bb_study1,0,0,0,0,"Please proceed with the auditory session in a separate window if you haven't already. Once you finish, return to this screen after completing the session. Type in 'OK', and press Submit to continue. ",THREE HERTZ,Please indicate your sex:,Male,"When you hold a phone to your head for a call, which ear do you usually listen with?",Right,How HAPPY or UNHAPPY do YOU feel RIGHT NOW?,5,How CALM or STRESSED do YOU feel RIGHT NOW?,5,How AGITATED or PEACEFUL do YOU feel RIGHT NOW?,7,How FOCUSED or DISTRACTED do YOU feel RIGHT NOW?,6,How CONTENT or FRUSTRATED do you feel RIGHT NOW?,4,How HAPPY or UNHAPPY do YOU feel RIGHT NOW?,7,How CALM or STRESSED do YOU feel RIGHT NOW?,8,How AGITATED or PEACEFUL do YOU feel RIGHT NOW?,6,How FOCUSED or DISTRACTED do YOU feel RIGHT NOW?,6,How CONTENT or FRUSTRATED do you feel RIGHT NOW?,6,Please type in how old you are (enter numeric values only):,45
S1ID96,2025-07-27T09:20:08.529Z,bb_study1,0,0,0,0,"Please proceed with the auditory session in a separate window if you haven't already. Once you finish, return to this screen after completing the session. Type in 'OK', and press Submit to continue. ",SIX HERTZ,Please indicate your sex:,Male,"When you hold a phone to your head for a call, which ear do you usually listen with?",Right,How HAPPY or UNHAPPY do YOU feel RIGHT NOW?,5,How CALM or STRESSED do YOU feel RIGHT NOW?,6,How AGITATED or PEACEFUL do YOU feel RIGHT NOW?,7,How FOCUSED or DISTRACTED do YOU feel RIGHT NOW?,5,How CONTENT or FRUSTRATED do you feel RIGHT NOW?,2,How HAPPY or UNHAPPY do YOU feel RIGHT NOW?,9,How CALM or STRESSED do YOU feel RIGHT NOW?,3,How AGITATED or PEACEFUL do YOU feel RIGHT NOW?,7,How FOCUSED or DISTRACTED do YOU feel RIGHT NOW?,6,How CONTENT or FRUSTRATED do you feel RIGHT NOW?,5,Please type in how old you are (enter numeric values only):,28
S1ID97,2025-07-27T22:10:03.994Z,bb_study1,0,0,0,0,"Please proceed with the auditory session in a separate window if you haven't already. Once you finish, return to this screen after completing the session. Type in 'OK', and press Submit to continue. ",TWELVE HERTZ,Please indicate your sex:,Female,"When you hold a phone to your head for a call, which ear do you usually listen with?",Right,How HAPPY or UNHAPPY do YOU feel RIGHT NOW?,6,How CALM or STRESSED do YOU feel RIGHT NOW?,4,How AGITATED or PEACEFUL do YOU feel RIGHT NOW?,6,How FOCUSED or DISTRACTED do YOU feel RIGHT NOW?,6,How CONTENT or FRUSTRATED do you feel RIGHT NOW?,6,How HAPPY or UNHAPPY do YOU feel RIGHT NOW?,6,How CALM or STRESSED do YOU feel RIGHT NOW?,4,How AGITATED or PEACEFUL do YOU feel RIGHT NOW?,6,How FOCUSED or DISTRACTED do YOU feel RIGHT NOW?,6,How CONTENT or FRUSTRATED do you feel RIGHT NOW?,5,Please type in how old you are (enter numeric values only):,24
S1ID98,2025-07-28T02:10:29.077Z,bb_study1,0,0,0,0,"Please proceed with the auditory session in a separate window if you haven't already. Once you finish, return to this screen after completing the session. Type in 'OK', and press Submit to continue. ",SIX HERTZ,Please indicate your sex:,Female,"When you hold a phone to your head for a call, which ear do you usually listen with?",Left,How HAPPY or UNHAPPY do YOU feel RIGHT NOW?,7,How CALM or STRESSED do YOU feel RIGHT NOW?,2,How AGITATED or PEACEFUL do YOU feel RIGHT NOW?,7,How FOCUSED or DISTRACTED do YOU feel RIGHT NOW?,6,How CONTENT or FRUSTRATED do you feel RIGHT NOW?,6,How HAPPY or UNHAPPY do YOU feel RIGHT NOW?,7,How CALM or STRESSED do YOU feel RIGHT NOW?,2,How AGITATED or PEACEFUL do YOU feel RIGHT NOW?,7,How FOCUSED or DISTRACTED do YOU feel RIGHT NOW?,6,How CONTENT or FRUSTRATED do you feel RIGHT NOW?,6,Please type in how old you are (enter numeric values only):,24
S1ID53,2025-07-28T13:33:40.774Z,bb_study1,0,0,0,0,"Please proceed with the auditory session in a separate window if you haven't already. Once you finish, return to this screen after completing the session. Type in 'OK', and press Submit to continue. ",NINE HERTZ,Please indicate your sex:,Male,"When you hold a phone to your head for a call, which ear do you usually listen with?",Left,How HAPPY or UNHAPPY do YOU feel RIGHT NOW?,6,How CALM or STRESSED do YOU feel RIGHT NOW?,4,How AGITATED or PEACEFUL do YOU feel RIGHT NOW?,6,How FOCUSED or DISTRACTED do YOU feel RIGHT NOW?,6,How CONTENT or FRUSTRATED do you feel RIGHT NOW?,6,How HAPPY or UNHAPPY do YOU feel RIGHT NOW?,6,How CALM or STRESSED do YOU feel RIGHT NOW?,4,How AGITATED or PEACEFUL do YOU feel RIGHT NOW?,6,How FOCUSED or DISTRACTED do YOU feel RIGHT NOW?,6,How CONTENT or FRUSTRATED do you feel RIGHT NOW?,6,Please type in how old you are (enter numeric values only):,28
S1ID99,2025-07-29T08:11:09.588Z,bb_study1,0,0,0,0,"Please proceed with the auditory session in a separate window if you haven't already. Once you finish, return to this screen after completing the session. Type in 'OK', and press Submit to continue. ",TWELVE HERTZ,Please indicate your sex:,Male,"When you hold a phone to your head for a call, which ear do you usually listen with?",Female,How HAPPY or UNHAPPY do YOU feel RIGHT NOW?,6,How CALM or STRESSED do YOU feel RIGHT NOW?,5,How AGITATED or PEACEFUL do YOU feel RIGHT NOW?,6,How FOCUSED or DISTRACTED do YOU feel RIGHT NOW?,6,How CONTENT or FRUSTRATED do you feel RIGHT NOW?,6,How HAPPY or UNHAPPY do YOU feel RIGHT NOW?,4,How CALM or STRESSED do YOU feel RIGHT NOW?,3,How AGITATED or PEACEFUL do YOU feel RIGHT NOW?,4,How FOCUSED or DISTRACTED do YOU feel RIGHT NOW?,3,How CONTENT or FRUSTRATED do you feel RIGHT NOW?,4,Please type in how old you are (enter numeric values only):,38
S1ID100,2025-07-29T08:55:47.320Z,bb_study1,0,0,0,0,"Please proceed with the auditory session in a separate window if you haven't already. Once you finish, return to this screen after completing the session. Type in 'OK', and press Submit to continue. ",TWELVE HERTZ,Please indicate your sex:,Female,"When you hold a phone to your head for a call, which ear do you usually listen with?",Left,How HAPPY or UNHAPPY do YOU feel RIGHT NOW?,7,How CALM or STRESSED do YOU feel RIGHT NOW?,7,How AGITATED or PEACEFUL do YOU feel RIGHT NOW?,4,How FOCUSED or DISTRACTED do YOU feel RIGHT NOW?,4,How CONTENT or FRUSTRATED do you feel RIGHT NOW?,5,How HAPPY or UNHAPPY do YOU feel RIGHT NOW?,9,How CALM or STRESSED do YOU feel RIGHT NOW?,4,How AGITATED or PEACEFUL do YOU feel RIGHT NOW?,4,How FOCUSED or DISTRACTED do YOU feel RIGHT NOW?,9,How CONTENT or FRUSTRATED do you feel RIGHT NOW?,7,Please type in how old you are (enter numeric values only):,45
S1ID54,2025-07-29T11:21:49.963Z,bb_study1,0,0,0,0,"Please proceed with the auditory session in a separate window if you haven't already. Once you finish, return to this screen after completing the session. Type in 'OK', and press Submit to continue. ",SIX HERTZ,Please indicate your sex:,Female,"When you hold a phone to your head for a call, which ear do you usually listen with?",Left,How HAPPY or UNHAPPY do YOU feel RIGHT NOW?,6,How CALM or STRESSED do YOU feel RIGHT NOW?,6,How AGITATED or PEACEFUL do YOU feel RIGHT NOW?,7,How FOCUSED or DISTRACTED do YOU feel RIGHT NOW?,8,How CONTENT or FRUSTRATED do you feel RIGHT NOW?,6,How HAPPY or UNHAPPY do YOU feel RIGHT NOW?,6,How CALM or STRESSED do YOU feel RIGHT NOW?,6,How AGITATED or PEACEFUL do YOU feel RIGHT NOW?,9,How FOCUSED or DISTRACTED do YOU feel RIGHT NOW?,8,How CONTENT or FRUSTRATED do you feel RIGHT NOW?,6,Please type in how old you are (enter numeric values only):,19
S1ID55,2025-07-30T08:16:25.403Z,bb_study1,0,0,0,0,"Please proceed with the auditory session in a separate window if you haven't already. Once you finish, return to this screen after completing the session. Type in 'OK', and press Submit to continue. ",THREE HERTZ,Please indicate your sex:,Female,"When you hold a phone to your head for a call, which ear do you usually listen with?",Right,How HAPPY or UNHAPPY do YOU feel RIGHT NOW?,4,How CALM or STRESSED do YOU feel RIGHT NOW?,4,How AGITATED or PEACEFUL do YOU feel RIGHT NOW?,9,How FOCUSED or DISTRACTED do YOU feel RIGHT NOW?,8,How CONTENT or FRUSTRATED do you feel RIGHT NOW?,4,How HAPPY or UNHAPPY do YOU feel RIGHT NOW?,6,How CALM or STRESSED do YOU feel RIGHT NOW?,4,How AGITATED or PEACEFUL do YOU feel RIGHT NOW?,8,How FOCUSED or DISTRACTED do YOU feel RIGHT NOW?,7,How CONTENT or FRUSTRATED do you feel RIGHT NOW?,4,Please type in how old you are (enter numeric values only):,46
S1ID101,2025-07-30T15:10:39.763Z,bb_study1,0,0,0,0,"Please proceed with the auditory session in a separate window if you haven't already. Once you finish, return to this screen after completing the session. Type in 'OK', and press Submit to continue. ",NINE HERTZ,Please indicate your sex:,Female,"When you hold a phone to your head for a call, which ear do you usually listen with?",Either,How HAPPY or UNHAPPY do YOU feel RIGHT NOW?,5,How CALM or STRESSED do YOU feel RIGHT NOW?,6,How AGITATED or PEACEFUL do YOU feel RIGHT NOW?,9,How FOCUSED or DISTRACTED do YOU feel RIGHT NOW?,6,How CONTENT or FRUSTRATED do you feel RIGHT NOW?,7,How HAPPY or UNHAPPY do YOU feel RIGHT NOW?,5,How CALM or STRESSED do YOU feel RIGHT NOW?,2,How AGITATED or PEACEFUL do YOU feel RIGHT NOW?,6,How FOCUSED or DISTRACTED do YOU feel RIGHT NOW?,6,How CONTENT or FRUSTRATED do you feel RIGHT NOW?,9,Please type in how old you are (enter numeric values only):,42
S1ID56,2025-07-31T13:33:40.774Z,bb_study1,0,0,0,0,"Please proceed with the auditory session in a separate window if you haven't already. Once you finish, return to this screen after completing the session. Type in 'OK', and press Submit to continue. ",TWELVE HERTZ,Please indicate your sex:,Female,"When you hold a phone to your head for a call, which ear do you usually listen with?",Right,How HAPPY or UNHAPPY do YOU feel RIGHT NOW?,5,How CALM or STRESSED do YOU feel RIGHT NOW?,7,How AGITATED or PEACEFUL do YOU feel RIGHT NOW?,6,How FOCUSED or DISTRACTED do YOU feel RIGHT NOW?,9,How CONTENT or FRUSTRATED do you feel RIGHT NOW?,7,How HAPPY or UNHAPPY do YOU feel RIGHT NOW?,3,How CALM or STRESSED do YOU feel RIGHT NOW?,4,How AGITATED or PEACEFUL do YOU feel RIGHT NOW?,6,How FOCUSED or DISTRACTED do YOU feel RIGHT NOW?,9,How CONTENT or FRUSTRATED do you feel RIGHT NOW?,7,Please type in how old you are (enter numeric values only):,21
